vehicle_id,Curb_Weight,year
20090,1874.0,2013
20091,2005.0,2013
20092,2599.0,2013
20095,2053.0,2013
20096,1415.0,2013
20099,2599.0,2013
20100,1732.0,2013
20103,1950.0,2013
20104,2590.0,2013
20106,1153.0,2013
20107,1616.0,2013
20109,1125.0,2013
20111,2003.0,2013
20112,1857.0,2013
20115,2606.0,2013
20117,1642.0,2013
20120,2037.0,2013
20121,2032.0,2013
20123,1874.0,2013
20124,2052.0,2013
20125,840.0,2013
20127,1616.0,2013
20129,1722.0,2013
20137,1238.0,2013
20138,2530.0,2013
20139,1795.0,2013
20140,1690.0,2013
20142,1608.0,2013
20144,1238.0,2013
20145,1615.0,2013
20148,2525.0,2013
20149,2548.0,2013
20150,1610.0,2013
20151,1892.0,2013
20153,1515.907213143128,2013
20154,1746.0,2013
20157,1517.9476893336043,2013
20159,1273.0,2013
20160,1888.0,2013
20161,2022.0,2013
20162,2072.0,2013
20163,1732.0,2013
20166,1980.0,2013
20167,1719.0,2013
20169,1584.0,2013
20170,1580.0,2013
20173,1050.0,2013
20174,1737.0,2013
20175,1600.0,2013
20176,1050.0,2013
20177,2555.0,2013
20178,1605.0,2013
20179,2043.0,2013
20180,1553.0,2013
20181,1601.0,2013
20185,1275.0,2013
20188,1995.0,2013
20190,2036.0,2013
20192,1969.0,2013
20194,1602.0,2013
20196,1525.0,2013
20198,2550.0,2013
20201,2057.0,2013
20202,1710.0,2013
20203,2004.0,2013
20205,1686.0,2013
20206,1119.0,2013
20207,2070.0,2013
20209,1291.0,2013
20211,2067.0,2013
20212,2108.0,2013
20214,1930.0,2013
20216,2121.0,2013
20220,820.0,2013
20223,2131.0,2013
20225,1093.0,2013
20226,1291.0,2013
20227,1855.0,2013
20232,1336.0,2013
20233,2065.0,2013
20234,1930.0,2013
20235,1347.0,2013
20236,1525.0,2013
20238,1281.0,2013
20240,1230.0,2013
20243,1554.0,2013
20244,1287.0,2013
20245,1693.0,2013
20246,1282.0,2013
20249,1558.0,2013
20259,1287.0,2013
20261,1281.0,2013
20263,2090.0,2013
20264,2025.0,2013
20265,1255.0,2013
20270,1287.0,2013
20271,1583.0,2013
20273,1525.0,2013
20274,1266.0,2013
20276,2180.0,2013
20277,1880.0,2013
20278,1230.0,2013
20279,1572.0,2013
20280,2196.0,2013
20284,1573.0,2013
20285,2742.0,2013
20286,2722.0,2013
20287,1445.0,2013
20288,1270.0,2013
20289,1445.0,2013
20290,2715.0,2013
20291,1711.0,2013
20292,1583.0,2013
20293,1583.0,2013
20294,1582.0,2013
20296,1582.0,2013
20298,1581.0,2013
20299,1941.0,2013
20301,1853.0,2013
20303,1270.0,2013
20304,2666.0,2013
20305,1259.0,2013
20306,2064.0,2013
20307,1230.0,2013
20309,1107.0,2013
20312,1293.0,2013
20314,1293.0,2013
20315,1245.0,2013
20318,1101.0,2013
20325,1255.0,2013
20327,2155.0,2013
20329,1347.0,2013
20332,2082.0,2013
20339,1255.0,2013
20341,1822.0,2013
20345,1470.0,2013
20346,2156.0,2013
20348,2220.0,2013
20349,1955.0,2013
20351,1225.0,2013
20353,1305.0,2013
20354,1209.0,2013
20360,1850.0,2013
20361,1288.0,2013
20366,1975.0,2013
20367,1789.0,2013
20368,1980.0,2013
20371,1455.0,2013
20372,1455.0,2013
20374,1984.0,2013
20376,2280.0,2013
20377,2180.0,2013
20378,2156.0,2013
20379,2125.0,2013
20380,2125.0,2013
20381,1669.0,2013
20382,1610.0,2013
20383,1669.0,2013
20384,1395.0,2013
20385,1669.0,2013
20389,1126.0,2013
20390,1303.0,2013
20391,1303.0,2013
20392,1654.0,2013
20393,1747.0,2013
20403,2048.0,2013
20407,2150.0,2013
20409,1971.0,2013
20412,1585.0,2013
20413,1585.0,2013
20414,1942.0,2013
20416,1950.0,2013
20417,2148.0,2013
20418,2248.0,2013
20422,1953.0,2013
20424,1445.0,2013
20429,1765.0,2013
20431,1338.0,2013
20435,1338.0,2013
20436,1329.0,2013
20437,1340.0,2013
20440,2211.0,2013
20441,1958.0,2013
20442,2211.0,2013
20443,1125.0,2013
20444,1550.0,2013
20445,1765.0,2013
20447,1340.0,2013
20450,1578.0,2013
20451,1690.0,2013
20456,2261.0,2013
20459,1975.0,2013
20461,2261.0,2013
20462,1759.0,2013
20470,1340.0,2013
20473,1569.0,2013
20474,2260.0,2013
20479,1480.0,2013
20481,1480.0,2013
20482,1263.0,2013
20485,1809.0,2013
20489,1192.0,2013
20491,1854.0,2013
20495,1741.0,2013
20497,1826.0,2013
20502,1245.0,2013
20503,1640.0,2013
20505,1246.0,2013
20506,2075.0,2013
20508,1335.0,2013
20510,1502.0,2013
20513,1892.0,2013
20514,1675.0,2013
20515,1385.0,2013
20516,1502.0,2013
20519,2046.0,2013
20520,1633.0,2013
20522,1595.0,2013
20524,1625.0,2013
20525,1625.0,2013
20528,1675.0,2013
20532,1068.0,2013
20533,2489.0,2013
20534,1626.0,2013
20535,1804.0,2013
20537,2480.0,2013
20538,1647.0,2013
20540,2046.0,2013
20541,1800.0,2013
20542,1800.0,2013
20543,1094.0,2013
20544,1399.0,2013
20548,1874.0,2013
20549,1637.0,2013
20550,2063.0,2013
20551,1169.0,2013
20554,1811.0,2013
20555,1292.0,2013
20557,1791.0,2013
20558,2002.0,2013
20559,2330.0,2013
20562,1911.0,2013
20564,1215.0,2013
20565,1742.0,2013
20572,1731.0,2013
20577,1996.0,2013
20578,1739.0,2013
20584,1625.0,2013
20585,1210.0,2013
20586,2118.0,2013
20587,1744.0,2013
20590,1215.0,2013
20593,1744.0,2013
20595,1475.0,2013
20596,2084.0,2013
20597,2376.0,2013
20599,1804.0,2013
20600,1680.0,2013
20601,1680.0,2013
20603,1805.0,2013
20605,1683.0,2013
20606,1640.0,2013
20608,1380.0,2013
20610,2107.0,2013
20614,1469.0,2013
20616,2355.0,2013
20617,1492.0,2013
20618,1374.0,2013
20619,1187.0,2013
20620,1291.0,2013
20621,1281.0,2013
20622,1492.0,2013
20623,2091.0,2013
20624,1470.0,2013
20626,1554.0,2013
20628,2170.0,2013
20630,1275.0,2013
20631,1275.0,2013
20632,2182.0,2013
20634,1285.0,2013
20635,2204.0,2013
20637,2245.0,2013
20639,2275.0,2013
20640,2291.0,2013
20641,1285.0,2013
20642,2296.0,2013
20643,2215.0,2013
20644,2215.0,2013
20645,2130.0,2013
20646,1555.0,2013
20647,1555.0,2013
20649,1925.0,2013
20650,2150.0,2013
20654,1225.0,2013
20655,1225.0,2013
20656,1551.0,2013
20657,2215.0,2013
20658,2215.0,2013
20659,1554.0,2013
20663,2126.0,2013
20664,2126.0,2013
20665,1510.9320077680945,2013
20667,1240.0,2013
20668,1246.0,2013
20670,1356.0,2013
20671,1523.0,2013
20672,1523.0,2013
20673,1523.0,2013
20675,2108.0,2013
20676,1316.0,2013
20679,2585.0,2013
20680,2108.0,2013
20682,1540.0,2013
20685,1901.0,2013
20686,1535.0,2013
20687,2126.0,2013
20688,1535.0,2013
20689,1415.0,2013
20691,2490.0,2013
20692,2520.0,2013
20693,1507.5136469622323,2013
20695,2105.0,2013
20696,2112.0,2013
20698,2110.0,2013
20706,1608.0,2013
20707,1604.0,2013
20709,1600.0,2013
20710,1600.0,2013
20713,1604.0,2013
20715,2313.0,2013
20716,2313.0,2013
20717,1901.0,2013
20719,1914.0,2013
20723,1940.0,2013
20725,1920.0,2013
20727,2313.0,2013
20730,2313.0,2013
20731,1920.0,2013
20737,1566.0,2013
20741,2035.0,2013
20742,2050.0,2013
20743,2052.0,2013
20744,1911.0,2013
20746,1905.0,2013
20748,1558.0,2013
20751,1570.0,2013
20752,1570.0,2013
20754,1980.0,2013
20756,1984.0,2013
20758,1990.0,2013
20759,1586.0,2013
20761,1990.0,2013
20764,1991.0,2013
20768,1356.0,2013
20770,1342.0,2013
20771,2108.0,2013
20775,1880.0,2013
20776,1880.0,2013
20778,1850.0,2013
20785,1955.0,2013
20787,1385.0,2013
20791,1555.0,2013
20792,1805.0,2013
20793,1805.0,2013
20794,1578.0,2013
20796,1670.0,2013
20801,1760.0,2013
20802,1835.0,2013
20806,1385.0,2013
20808,1485.0,2013
20812,1462.0,2013
20813,1836.0,2013
20815,1420.0,2013
20816,1405.0,2013
20817,1380.0,2013
20818,1405.0,2013
20819,1255.0,2013
20820,1454.0,2013
20821,1253.0,2013
20822,1405.0,2013
20823,1761.0,2013
20824,1380.0,2013
20825,2013.0,2013
20826,1825.0,2013
20833,1800.0,2013
20834,1472.0,2013
20835,1470.0,2013
20838,1466.0,2013
20840,2012.0,2013
20841,1517.0,2013
20842,1901.0,2013
20843,1510.0,2013
20845,1228.0,2013
20847,1650.0,2013
20848,1650.0,2013
20849,1260.0,2013
20850,1507.0,2013
20851,1228.0,2013
20852,1990.0,2013
20854,1399.0,2013
20859,1400.0,2013
20860,2632.0,2013
20861,1228.0,2013
20863,2108.0,2013
20864,1427.0,2013
20865,1439.0,2013
20866,1585.0,2013
20867,1455.0,2013
20868,1585.0,2013
20871,1514.0,2013
20873,2023.0,2013
20875,2023.0,2013
20876,2135.0,2013
20877,1186.0,2013
20878,1188.0,2013
20879,2588.0,2013
20880,2200.0,2013
20882,2037.0,2013
20883,1411.0,2013
20884,1726.0,2013
20885,2023.0,2013
20887,2047.0,2013
20888,1451.0,2013
20890,1750.0,2013
20891,1756.0,2013
20892,1486.0,2013
20895,1479.0,2013
20898,1504.0,2013
20899,2200.0,2013
20900,2200.0,2013
20905,2085.0,2013
20906,2085.0,2013
20907,1857.0,2013
20908,2085.0,2013
20909,2075.0,2013
20910,1447.0,2013
20911,1501.0,2013
20912,2069.0,2013
20918,1830.0,2013
20919,1830.0,2013
20920,1823.0,2013
20922,1760.0,2013
20923,1760.0,2013
20924,1837.0,2013
20925,1754.0,2013
20926,1748.0,2013
20927,1881.5782808217373,2013
20928,1879.9343123873941,2013
20931,2105.0,2013
20932,1754.0,2013
20934,1837.0,2013
20935,2015.0,2013
20937,2619.0,2013
20938,2594.0,2013
20940,2489.0,2013
20942,1940.0,2013
20944,2200.0,2013
20946,2114.0,2013
20947,2087.0,2013
20948,2028.0,2013
20949,2110.0,2013
20951,1680.0,2013
20954,1901.0,2013
20956,1697.0,2013
20958,1679.0,2013
20961,1735.0,2013
20962,1724.0,2013
20963,1724.0,2013
20964,1712.0,2013
20965,1712.0,2013
20966,1655.0,2013
20968,1246.0230739855624,2013
20970,1900.0,2013
20971,1690.0,2013
20972,2260.008993487133,2013
20978,1992.2184454838973,2013
20983,2475.0,2013
20984,2475.0,2013
20985,2029.0,2013
20986,1995.0,2013
20989,2247.5428174603176,2013
20990,2705.0,2013
20991,1332.7288303828184,2013
20998,1881.0,2013
20999,1431.7419435399897,2013
21000,1740.0,2013
21001,1690.0,2013
21002,1690.0,2013
21003,1881.0,2013
21004,2154.4185898917544,2013
21006,2322.1543095238103,2013
21007,1729.0,2013
21009,1293.7552967490026,2013
21011,1296.0445396388436,2013
21012,1298.6782313763624,2013
21013,1715.0,2013
21014,1385.3159179038407,2013
21015,1729.0,2013
21016,1378.4513172789013,2013
21020,1884.0,2013
21022,1884.0,2013
21024,1750.0,2013
21025,1755.0,2013
21026,2201.369512720442,2013
21029,1296.247291659321,2013
21030,1332.393256329077,2013
21031,1618.0,2013
21035,1683.0,2013
21036,1683.0,2013
21037,1882.0,2013
21038,2742.0,2013
21039,2722.0,2013
21040,2715.0,2013
21042,1611.0,2013
21044,1703.1150301659127,2013
21047,2224.801552479685,2013
21048,1856.0,2013
21049,1785.0,2013
21050,1856.0,2013
21053,1883.0,2013
21054,1939.0,2013
21055,1953.0,2013
21056,1953.0,2013
21057,1644.0,2013
21065,1822.0,2013
21070,1815.0,2013
21074,2392.0,2013
21075,1641.0,2013
21076,2392.0,2013
21077,1640.0,2013
21079,1835.0,2013
21080,2064.6426616586027,2013
21081,1986.270844155844,2013
21082,1800.0,2013
21083,2423.0,2013
21086,2423.0,2013
21087,2423.0,2013
21088,1815.0,2013
21091,1805.0,2013
21092,1806.0,2013
21093,1840.9958333333334,2013
21094,1836.8481834130787,2013
21098,1635.0,2013
21099,1841.0,2013
21102,1871.0,2013
21104,1875.0,2013
21107,1875.0,2013
21108,1880.0,2013
21109,1880.0,2013
21116,1870.0,2013
21117,1870.0,2013
21118,2385.0,2013
21121,1632.0,2013
21123,1845.0,2013
21124,1845.0,2013
21125,1631.0,2013
21129,1630.0,2013
21130,1630.0,2013
21131,1860.0,2013
21132,1860.0,2013
21134,1613.0,2013
21136,2189.072566006261,2013
21143,1301.0,2013
21146,2627.0,2013
21153,1303.0,2013
21154,1306.0,2013
21155,1710.0,2013
21160,1543.0,2013
21161,1304.0,2013
21163,1720.0,2013
21164,1721.0,2013
21165,1994.0,2013
21166,1599.0,2013
21168,1558.0,2013
21176,1488.0,2013
21179,1756.0,2013
21180,1773.0,2013
21183,1778.0,2013
21185,1485.0,2013
21186,1899.747841047841,2013
21189,1755.0,2013
21191,1656.0,2013
21192,1655.0,2013
21194,1735.0,2013
21197,1735.0,2013
21200,2528.0,2013
21203,1751.0,2013
21205,2489.0,2013
21206,1731.137440860215,2013
21207,1250.0,2013
21208,2151.0,2013
21209,1134.0,2013
21211,1950.0,2013
21212,1448.0,2013
21213,1449.0,2013
21215,1373.0,2013
21217,1450.0,2013
21218,1450.0,2013
21220,1451.0,2013
21222,1455.0,2013
21224,1438.0,2013
21225,1290.0,2013
21226,1290.0,2013
21227,1246.0,2013
21229,1580.0,2013
21230,1580.0,2013
21231,1370.0,2013
21235,1479.0,2013
21236,1479.0,2013
21237,1160.0,2013
21238,1160.0,2013
21239,1285.0,2013
21241,1438.0,2013
21243,965.0,2013
21244,1197.0,2013
21246,1232.0,2013
21247,1229.0,2013
21248,1222.0,2013
21249,2495.0,2013
21250,1411.0,2013
21252,1821.0,2013
21253,1515.0,2013
21256,1624.4105641025642,2013
21261,1850.0,2013
21262,1850.0,2013
21264,1436.0,2013
21265,1750.0,2013
21267,1285.0,2013
21268,1723.0,2013
21269,1780.0,2013
21275,1785.0,2013
21276,1444.0,2013
21277,1480.0,2013
21278,1215.0,2013
21279,1530.0,2013
21280,1530.0,2013
21281,1530.0,2013
21282,1530.0,2013
21283,1527.0,2013
21284,1527.0,2013
21287,1531.0,2013
21288,1570.0,2013
21293,1526.0,2013
21299,1413.0,2013
21303,1546.0,2013
21305,1549.0,2013
21308,1553.0,2013
21311,1360.0,2013
21312,1360.0,2013
21314,1230.0,2013
21315,1230.0,2013
21318,1484.0,2013
21319,1238.0,2013
21320,1238.0,2013
21321,1510.0,2013
21322,1265.0,2013
21324,1287.0,2013
21325,1291.0,2013
21326,1296.0,2013
21327,1301.0,2013
21328,1499.0,2013
21332,1517.0,2013
21333,1620.0,2013
21334,1475.0,2013
21335,1475.0,2013
21336,1215.0,2013
21337,1774.060748138467,2013
21338,1505.0,2013
21340,1505.0,2013
21345,1465.0,2013
21347,1206.0,2013
21349,1451.0,2013
21350,1209.0,2013
21351,1405.0,2013
21352,1447.0,2013
21354,1450.0,2013
21355,1480.0,2013
21356,1422.0,2013
21357,1629.0,2013
21358,1060.0,2013
21359,1629.0,2013
21364,1422.0,2013
21365,1495.0,2013
21366,2256.0,2013
21369,1637.0,2013
21371,1480.0,2013
21372,1029.0,2013
21373,1422.0,2013
21375,1610.0,2013
21376,2143.0,2013
21387,1585.0,2013
21390,1151.0,2013
21391,1151.0,2013
21393,1460.0,2013
21396,1422.0,2013
21397,2170.0,2013
21399,2137.0,2013
21402,1495.0,2013
21403,1765.0,2013
21406,1493.0,2013
21407,2455.0,2013
21408,1495.0,2013
21410,1708.0,2013
21411,1693.0,2013
21416,1250.0,2013
21418,1480.0,2013
21421,1760.0,2013
21422,2400.0,2013
21423,1640.0,2013
21428,1619.0,2013
21430,1766.0,2013
21431,1766.0,2013
21441,2370.0,2013
21444,1490.0,2013
21446,1794.0,2013
21447,2380.0,2013
21448,1835.0,2013
21451,1653.0,2013
21453,1850.0,2013
21457,1523.0,2013
21463,2125.0,2013
21466,2085.0,2013
21471,1890.0,2013
21472,1653.0,2013
21473,2070.0,2013
21477,1750.0,2013
21478,1169.0,2013
21480,1169.0,2013
21481,1428.0,2013
21482,1465.0,2013
21489,2045.0,2013
21492,1528.0,2013
21494,2170.0,2013
21497,1780.0,2013
21499,1563.0,2013
21500,2055.0,2013
21506,1670.0,2013
21507,1670.0,2013
21521,1301.0,2013
21522,1305.0,2013
21524,1595.0,2013
21527,1820.0,2013
21528,1845.0,2013
21532,1569.0,2013
21535,2025.0,2013
21541,1407.0,2013
21542,1995.0,2013
21543,1995.0,2013
21549,1477.0,2013
21550,1675.0,2013
21551,1300.0,2013
21553,1750.0,2013
21560,1747.0,2013
21561,2622.0,2013
21565,1277.0,2013
21568,1690.0,2013
21569,1765.0,2013
21570,1633.0,2013
21571,2028.0,2013
21572,1295.0,2013
21574,2715.0,2013
21575,1292.0,2013
21576,2264.731834496141,2013
21584,1544.0,2013
21585,1515.0,2013
21586,2830.0,2013
21587,1937.0,2013
21589,2047.0,2013
21593,2736.0,2013
21595,1630.0,2013
21596,1541.0,2013
21597,1541.0,2013
21598,1445.0,2013
21599,2722.0,2013
21600,1445.0,2013
21603,1518.0,2013
21606,1683.0,2013
21607,1835.0,2013
21608,1835.0,2013
21609,1508.0,2013
21610,1744.0,2013
21612,1835.0,2013
21613,1715.0,2013
21615,1806.0,2013
21616,1477.0,2013
21617,1460.0,2013
21618,2106.0,2013
21620,2757.0,2013
21623,2248.0,2013
21624,1502.0,2013
21625,1497.0,2013
21627,2722.0,2013
21629,1425.0,2013
21630,1688.0,2013
21631,1937.0,2013
21632,2010.0,2013
21633,2047.0,2013
21635,1594.0,2013
21637,1511.0,2013
21638,1688.0,2013
21641,1511.0,2013
21642,1461.0,2013
21645,1508.0,2013
21648,1589.0,2013
21652,1623.0,2013
21655,2133.0,2013
21657,1295.0,2013
21658,1568.0,2013
21659,2195.0,2013
21665,1505.0,2013
21667,2216.0,2013
21668,1589.0,2013
21670,1570.0,2013
21671,1551.0,2013
21673,1334.0,2013
21675,1565.0,2013
21676,2225.0,2013
21677,2195.0,2013
21678,2229.0,2013
21681,1456.0,2013
21683,1456.0,2013
21689,1644.0,2013
21690,2262.0,2013
21693,2131.0,2013
21694,2312.0,2013
21696,1380.0,2013
21698,1750.0,2013
21700,1976.0,2013
21701,2200.0,2013
21702,2200.0,2013
21703,2200.0,2013
21704,1588.0,2013
21705,1928.0,2013
21706,1928.0,2013
21707,1797.0,2013
21712,1817.0,2013
21713,1331.0,2013
21714,1588.0,2013
21715,1977.0,2013
21717,1380.0,2013
21718,1557.0,2013
21721,2009.0,2013
21723,2089.0,2013
21731,2215.0,2013
21732,1331.0,2013
21733,1716.4114862341253,2013
21734,2048.0,2013
21735,2048.0,2013
21737,1911.0,2013
21738,1785.0,2013
21740,1739.0,2013
21741,1904.963888888889,2013
21744,1380.0,2013
21748,1154.0,2013
21755,2215.0,2013
21756,1656.0,2013
21757,2215.0,2013
21759,2215.0,2013
21762,2157.0,2013
21765,1784.0,2013
21766,1736.0,2013
21768,1542.0,2013
21772,1622.0,2013
21777,2423.0,2013
21778,2423.0,2013
21780,2423.0,2013
21781,1636.0,2013
21783,1960.0,2013
21791,1813.0,2013
21794,1806.0,2013
21797,2392.0,2013
21801,2627.0,2013
21809,1735.0,2013
21813,1636.0,2013
21814,2023.0,2013
21815,2528.0,2013
21824,1600.0,2013
21831,2489.0,2013
21832,2392.0,2013
21833,2392.0,2013
21835,1880.0,2013
21857,1610.0,2013
21860,2313.0,2013
21861,1386.0,2013
21862,1386.0,2013
21863,2313.0,2013
21864,2313.0,2013
21867,1882.0,2013
21872,1660.0,2013
21873,2033.0,2013
21874,2248.0,2013
21875,1883.0,2013
21878,1813.0,2013
21879,2385.0,2013
21880,1797.0,2013
21881,1797.0,2013
21885,2143.0,2013
21887,1797.0,2013
21890,1622.0,2013
21892,1878.0,2013
21893,1560.0,2013
21895,1337.0,2013
21896,1817.0,2013
21897,2364.0,2013
21898,1337.0,2013
21899,1540.0,2013
21901,1797.0,2013
21902,1817.0,2013
21903,1999.0,2013
21904,2313.0,2013
21905,1641.0,2013
21909,1343.0,2013
21914,2085.0,2013
21917,1845.0,2013
21923,1343.0,2013
21925,1641.0,2013
21927,1393.0,2013
21930,1393.0,2013
21934,2085.0,2013
21935,1647.0,2013
21936,2085.0,2013
21942,1647.0,2013
21943,1776.0,2013
21947,1768.0,2013
21948,1790.0,2013
21960,1334.0,2013
21962,1814.0,2013
21964,1556.0,2013
21972,2023.0,2013
21977,2023.0,2013
21986,1739.0,2013
21987,1845.0,2013
21989,1694.0,2013
21990,2126.0,2013
21991,1859.0,2013
21992,1694.0,2013
21994,2126.0,2013
21997,2126.0,2013
22004,1287.0,2013
22008,1720.0,2013
22010,1074.0,2013
22012,1072.0,2013
22016,1093.0,2013
22022,1295.3704072255264,2013
22030,1748.0,2013
22032,2521.0,2013
22033,1133.0,2013
22041,1747.0,2013
22043,1098.0,2013
22045,2021.0,2013
22049,2580.0,2013
22050,2055.0,2013
22058,2050.0,2013
22074,2009.0,2013
22075,1105.0,2013
22088,1775.0,2013
22092,1870.0,2013
22093,1029.0,2013
22099,1980.0,2013
22100,1990.0,2013
22101,1475.0,2013
22103,2285.0,2013
22104,1273.0,2013
22112,1695.0,2013
22114,2021.0,2013
22115,1873.0,2013
22116,2522.0,2013
22122,1715.0,2013
22131,2009.0,2013
22132,1735.0,2013
22133,2109.0,2013
22134,1660.0,2013
22137,1251.0,2013
22138,1717.0,2013
22139,1664.0,2013
22140,1475.0,2013
22146,1820.0,2013
22149,1521.0,2013
22156,2599.0,2013
22157,1625.0,2013
22159,1320.0,2013
22160,1320.0,2013
22171,1881.0,2013
22172,1259.0,2013
22177,2109.0,2013
22188,1884.0,2013
22195,1884.0,2013
22201,2000.0,2013
22204,2608.0,2013
22207,2606.0,2013
22209,1695.0,2013
22219,2116.0,2013
22221,2483.0,2013
22222,1589.0,2013
22223,1920.0,2013
22224,1630.0,2013
22225,1856.0,2013
22228,1881.0,2013
22231,1310.0,2013
22233,1883.0,2013
22234,2216.0,2013
22238,1856.0,2013
22239,1650.0,2013
22250,1672.9649057727936,2013
22252,1640.0,2013
22259,1881.0,2013
22260,1901.0,2013
22261,1635.0,2013
22265,1255.0,2013
22277,1310.0,2013
22281,1892.0,2013
22284,1939.0,2013
22285,1916.0,2013
22288,1241.0,2013
22299,1613.0,2013
22300,1439.0,2013
22304,1836.0,2013
22309,1605.0,2013
22311,1642.0,2013
22312,950.0,2013
22317,1405.0,2013
22324,1732.0,2013
22325,1839.0,2013
22327,1613.0,2013
22328,1776.0,2013
22329,1462.0,2013
22332,1420.0,2013
22336,1070.0,2013
22343,1343.0,2013
22345,1655.0,2013
22352,1590.0,2013
22357,1425.0,2013
22377,1861.0,2013
22379,1504.0,2013
22386,1495.0,2013
22387,2256.0,2013
22389,970.0,2013
22390,1337.0,2013
22399,1310.0,2013
22401,1310.0,2013
22405,1630.0,2013
22408,1711.0,2013
22415,1600.0,2013
22416,1485.0,2013
22417,1414.0,2013
22418,1495.0,2013
22420,1817.0,2013
22437,1850.0,2013
22442,1405.0,2013
22443,1679.0,2013
22444,1364.0,2013
22446,1869.0,2013
22448,1869.0,2013
22449,1785.0,2013
22453,1785.0,2013
22456,1773.0,2013
22457,1579.0,2013
22458,2131.0,2013
22465,1773.0,2013
22472,1892.0,2013
22474,1454.0,2013
22475,1775.0,2013
22478,1547.0,2013
22479,1547.0,2013
22485,1590.0,2013
22488,1821.0,2013
22489,2628.0,2013
22491,1987.0,2013
22493,2320.0,2013
22495,1585.0,2013
22496,1984.0,2013
22498,1984.0,2013
22503,1380.0,2013
22509,1725.0,2013
22510,1331.0,2013
22515,1553.0,2013
22519,1417.0,2013
22521,1883.0,2013
22524,1556.0,2013
22531,1725.0,2013
22532,1961.0,2013
22536,1553.0,2013
22538,1821.0,2013
22540,1555.0,2013
22543,1554.0,2013
22545,1570.0,2013
22554,2032.0,2013
22555,1398.0,2013
22556,1560.0,2013
22557,1651.0,2013
22563,1597.0,2013
22565,1614.0,2013
22566,1687.0,2013
22567,1537.0,2013
22569,1539.0,2013
22572,1948.0,2013
22578,1665.0,2013
22580,1405.0,2013
22581,1696.0,2013
22582,2121.0,2013
22586,2242.142721669206,2013
22589,2062.0,2013
22590,2125.0,2013
22593,1907.0,2013
22594,1907.0,2013
22595,1850.0,2013
22598,2495.0,2013
22599,1380.0,2013
22602,1569.0,2013
22605,1904.0,2013
22609,1904.0,2013
22612,1386.0,2013
22613,1470.0,2013
22615,2105.0,2013
22616,1576.0,2013
22618,1574.0,2013
22620,2202.7925886984294,2013
22622,1556.0,2013
22624,1696.0,2013
22625,1892.0,2013
22630,2156.0,2013
22635,2211.0,2013
22638,1605.0,2013
22641,2220.7392131221973,2013
22643,1599.0,2013
22645,2155.9849987685857,2013
22646,2261.0,2013
22647,1552.0,2013
22648,2529.0,2013
22650,3226.0,2013
22651,3282.0,2013
22652,3737.0,2013
22653,2603.0,2013
22656,3093.0,2013
22657,3788.0,2013
22658,3796.0,2013
22659,2606.0,2013
22660,2529.0,2013
22661,2786.0,2013
22662,3715.0,2013
22663,3280.0,2013
22664,3103.0,2013
22665,2836.0,2013
22668,2776.0,2013
22669,2603.0,2013
22672,3273.0,2013
22674,2554.0,2013
22676,3076.0,2013
22677,3103.0,2013
22678,3221.0,2013
22679,3221.0,2013
22681,3103.0,2013
22684,3103.0,2013
22685,2529.0,2013
22686,2092.0,2013
22687,1393.0,2013
22690,1479.0,2013
22692,3280.0,2013
22696,3284.0,2013
22698,3226.0,2013
22700,3093.0,2013
22704,1768.0,2013
22708,1704.0,2013
22711,1695.0,2013
22712,1760.0,2013
22713,2798.0,2013
22716,2554.0,2013
22719,2800.0,2013
22720,2798.0,2013
22721,1393.0,2013
22723,3097.0,2013
22724,3097.0,2013
22726,3096.0,2013
22727,1865.9863408013987,2013
22728,3109.0,2013
22729,3282.0,2013
22730,1801.3711978241486,2013
22732,3096.0,2013
22733,3076.0,2013
22737,2800.0,2013
22738,2798.0,2013
22739,3284.0,2013
22740,3096.0,2013
22742,3273.0,2013
22744,1732.0,2013
22745,3109.0,2013
22746,1964.0,2013
22747,2315.0,2013
22748,1971.0,2013
22749,2855.0,2013
22751,2315.0,2013
22752,3404.0,2013
22753,3104.0,2013
22754,3166.0,2013
22756,3170.0,2013
22757,1980.0,2013
22758,3156.0,2013
22759,2035.0,2013
22760,3179.0,2013
22761,3179.0,2013
22762,1620.0,2013
22763,2287.0,2013
22764,3170.0,2013
22766,3166.0,2013
22768,3275.0,2013
22769,1835.0,2013
22770,1835.0,2013
22771,2367.0,2013
22772,3104.0,2013
22773,2855.0,2013
22774,3162.0,2013
22775,3275.0,2013
22776,3166.0,2013
22777,3162.0,2013
22779,3156.0,2013
22780,2367.0,2013
22781,3268.0,2013
22782,3268.0,2013
22783,3268.0,2013
22784,3162.0,2013
22785,1994.0,2013
22786,3275.0,2013
22787,2287.0,2013
22789,3231.0,2013
22790,3223.0,2013
22791,3223.0,2013
22792,3214.0,2013
22793,3214.0,2013
22794,3214.0,2013
22795,3463.0,2013
22797,2820.0,2013
22798,3223.0,2013
22800,1655.0,2013
22802,2820.0,2013
22804,2820.0,2013
22805,3463.0,2013
22808,2844.0,2013
22809,3224.0,2013
22811,2854.0,2013
22812,3231.0,2013
22813,2838.0,2013
22814,1334.0,2013
22816,2854.0,2013
22818,1334.0,2013
22820,2095.0,2013
22823,2838.0,2013
22826,3474.0,2013
22827,2844.0,2013
22828,3474.0,2013
22830,3224.0,2013
22831,3276.0,2013
22833,3276.0,2013
22835,1480.0,2013
22836,1453.0,2013
22837,1453.0,2013
22839,3118.0,2013
22840,3118.0,2013
22841,2487.0,2013
22843,1586.0,2013
22845,1984.0,2013
22846,2487.0,2013
22847,1900.0,2013
22848,1476.0,2013
22850,2487.0,2013
22853,2857.0,2013
22855,2798.0,2013
22857,1809.0,2013
22858,3109.0,2013
22859,3114.0,2013
22861,1872.0,2013
22863,1878.0,2013
22864,3114.0,2013
22866,3114.0,2013
22867,3114.0,2013
22868,1888.0,2013
22869,1929.0,2013
22870,3114.0,2013
22871,3116.0,2013
22872,1736.0,2013
22874,2078.0,2013
22875,3114.0,2013
22876,2059.0,2013
22879,3096.0,2013
22880,3320.0,2013
22881,3096.0,2013
22882,1675.0,2013
22883,2400.0,2013
22885,1675.0,2013
22887,3320.0,2013
22888,3200.0,2013
22890,3152.0,2013
22891,1955.0,2013
22893,3152.0,2013
22894,3152.0,2013
22895,2713.0,2013
22896,2855.0,2013
22897,1704.0,2013
22898,2028.0,2013
22900,3148.0,2013
22903,2053.0,2013
22904,2857.0,2013
22905,1643.0,2013
22906,3200.0,2013
22907,1704.0,2013
22908,1710.0,2013
22909,3382.0,2013
22910,2857.0,2013
22912,3382.0,2013
22913,1916.0,2013
22914,2400.0,2013
22915,1570.0,2013
22916,3404.0,2013
22918,3148.0,2013
22919,3320.0,2013
22920,2625.0,2013
22921,2844.0,2013
22922,2736.0,2013
22923,1655.0,2013
22924,2882.0,2013
22925,1456.0,2013
22926,2882.0,2013
22928,2708.0,2013
22929,1456.0,2013
22930,2708.0,2013
22932,2704.0,2013
22933,2980.0,2013
22934,2980.0,2013
22935,2980.0,2013
22936,1980.0,2013
22937,1710.0,2013
22939,1826.0,2013
22940,1843.0,2013
22941,2290.0,2013
22943,1861.0,2013
22944,2980.0,2013
22945,1595.0,2013
22946,2290.0,2013
22947,2981.0,2013
22948,1675.0,2013
22949,1930.0,2013
22950,1937.0,2013
22951,2290.0,2013
22952,2981.0,2013
22953,2981.0,2013
22954,1833.0,2013
22955,2276.0,2013
22956,2969.0,2013
22958,1710.0,2013
22960,2963.0,2013
22961,2709.0,2013
22962,2709.0,2013
22963,2963.0,2013
22964,2963.0,2013
22966,1710.0,2013
22967,1835.0,2013
22968,2709.0,2013
22969,2708.0,2013
22971,1570.0,2013
22972,2969.0,2013
22973,2708.0,2013
22975,2276.0,2013
22976,2969.0,2013
22977,2969.0,2013
22978,2969.0,2013
22979,2271.0,2013
22980,2271.0,2013
22982,2271.0,2013
22983,2887.0,2013
22984,2887.0,2013
22985,2887.0,2013
22987,2969.0,2013
22988,2969.0,2013
22989,2969.0,2013
22991,2882.0,2013
22992,2704.0,2013
22994,2991.0,2013
22995,2110.0,2013
22996,2991.0,2013
22997,2991.0,2013
23000,2991.0,2013
23001,2991.0,2013
23005,2334.0,2013
23006,2334.0,2013
23007,1937.0,2013
23008,2334.0,2013
23009,2915.0,2013
23010,2997.0,2013
23011,2997.0,2013
23013,2997.0,2013
23015,2997.0,2013
23017,2998.0,2013
23018,2696.0,2013
23019,1900.0,2013
23020,2696.0,2013
23021,3000.0,2013
23022,2349.0,2013
23023,2334.0,2013
23024,2988.0,2013
23025,2988.0,2013
23026,2763.0,2013
23027,2879.0,2013
23028,2981.0,2013
23029,1965.0,2013
23030,1670.0,2013
23031,1670.0,2013
23032,2879.0,2013
23034,2879.0,2013
23037,1607.0,2013
23039,2879.0,2013
23045,2704.0,2013
23046,2988.0,2013
23047,2986.0,2013
23048,2877.0,2013
23049,2877.0,2013
23051,2986.0,2013
23052,2986.0,2013
23053,2877.0,2013
23055,1625.0,2013
23056,2877.0,2013
23058,2986.0,2013
23059,3000.0,2013
23060,2963.0,2013
23062,2200.0,2013
23063,2200.0,2013
23064,2899.0,2013
23065,2200.0,2013
23067,1950.0,2013
23068,2802.0,2013
23069,2914.0,2013
23070,2914.0,2013
23071,2914.0,2013
23074,1285.0,2013
23075,1285.0,2013
23076,2903.0,2013
23078,1275.0,2013
23079,1275.0,2013
23080,2918.0,2013
23081,1929.0,2013
23082,2918.0,2013
23083,2918.0,2013
23084,2732.0,2013
23085,2732.0,2013
23086,2732.0,2013
23089,2726.0,2013
23090,2726.0,2013
23091,2726.0,2013
23092,2918.0,2013
23093,2189.0,2013
23096,2736.0,2013
23097,1530.0,2013
23098,2903.0,2013
23099,2903.0,2013
23100,2736.0,2013
23101,1530.0,2013
23102,2134.0,2013
23103,2134.0,2013
23104,2134.0,2013
23106,1855.0,2013
23108,1542.0,2013
23109,2125.0,2013
23110,1542.0,2013
23111,2151.0,2013
23112,2151.0,2013
23113,2912.0,2013
23114,1440.0,2013
23115,2912.0,2013
23116,2800.0,2013
23118,2802.0,2013
23119,2726.0,2013
23121,1543.0,2013
23122,2912.0,2013
23123,1543.0,2013
23124,2125.0,2013
23125,2125.0,2013
23126,2151.0,2013
23127,2151.0,2013
23128,2045.0,2013
23129,2899.0,2013
23130,2921.0,2013
23131,2898.0,2013
23132,2219.0,2013
23133,2898.0,2013
23134,2947.0,2013
23135,2947.0,2013
23136,1631.0,2013
23137,1631.0,2013
23138,2947.0,2013
23139,2947.0,2013
23140,2095.0,2013
23141,2898.0,2013
23142,2898.0,2013
23143,2227.0,2013
23144,2227.0,2013
23145,2219.0,2013
23146,2227.0,2013
23147,2952.0,2013
23148,2952.0,2013
23150,2053.0,2013
23151,2235.0,2013
23152,2235.0,2013
23153,2235.0,2013
23154,2959.0,2013
23155,2235.0,2013
23156,2053.0,2013
23157,2053.0,2013
23158,2959.0,2013
23160,1785.0,2013
23161,2952.0,2013
23162,2944.0,2013
23163,2944.0,2013
23166,2899.0,2013
23167,2724.0,2013
23168,1225.0,2013
23169,2928.0,2013
23170,2928.0,2013
23171,2928.0,2013
23172,2928.0,2013
23173,1850.0,2013
23174,2724.0,2013
23180,2219.0,2013
23181,2724.0,2013
23182,2944.0,2013
23184,2944.0,2013
23186,2943.0,2013
23187,2943.0,2013
23188,2921.0,2013
23189,2219.0,2013
23190,2939.0,2013
23191,2899.0,2013
23192,2939.0,2013
23193,2074.0,2013
23194,2899.0,2013
23195,2939.0,2013
23197,2349.0,2013
23198,2915.0,2013
23200,2620.0,2013
23201,2330.0,2013
23203,3035.0,2013
23205,2903.0,2013
23206,3035.0,2013
23207,3035.0,2013
23212,2824.0,2013
23214,3033.0,2013
23215,1645.0,2013
23217,1646.0,2013
23218,3046.0,2013
23219,1795.0,2013
23220,3046.0,2013
23221,2861.0,2013
23222,3046.0,2013
23223,3048.0,2013
23228,3048.0,2013
23231,2454.0,2013
23232,2861.0,2013
23233,3033.0,2013
23237,2663.0,2013
23239,2663.0,2013
23240,2663.0,2013
23241,2408.0,2013
23242,1817.0,2013
23243,2408.0,2013
23244,2408.0,2013
23246,2408.0,2013
23247,2408.0,2013
23248,3033.0,2013
23249,2768.0,2013
23250,2620.0,2013
23251,3028.0,2013
23258,3000.0,2013
23259,3031.0,2013
23260,1356.0,2013
23261,3031.0,2013
23262,3031.0,2013
23263,3028.0,2013
23264,2824.0,2013
23265,2691.0,2013
23266,3048.0,2013
23267,3049.0,2013
23268,2480.0,2013
23269,2483.0,2013
23270,3067.0,2013
23271,3067.0,2013
23272,2824.0,2013
23273,2768.0,2013
23274,3067.0,2013
23275,3067.0,2013
23277,2494.0,2013
23278,2494.0,2013
23279,2776.0,2013
23280,3069.0,2013
23282,2480.0,2013
23283,3069.0,2013
23284,2520.0,2013
23285,2520.0,2013
23288,2824.0,2013
23290,2522.0,2013
23292,2776.0,2013
23293,2554.0,2013
23298,3069.0,2013
23301,3060.0,2013
23302,3049.0,2013
23303,2454.0,2013
23304,3049.0,2013
23307,3049.0,2013
23308,3051.0,2013
23309,3051.0,2013
23310,3052.0,2013
23311,3052.0,2013
23312,3054.0,2013
23313,3054.0,2013
23314,3054.0,2013
23315,3055.0,2013
23316,3060.0,2013
23317,3055.0,2013
23319,3055.0,2013
23321,3055.0,2013
23323,3058.0,2013
23324,3058.0,2013
23325,3058.0,2013
23326,3060.0,2013
23327,3060.0,2013
23328,3060.0,2013
23329,3060.0,2013
23331,3060.0,2013
23334,3035.0,2013
23335,1094.0,2013
23336,3015.0,2013
23337,3015.0,2013
23338,3015.0,2013
23339,2371.0,2013
23341,2371.0,2013
23342,2371.0,2013
23343,2371.0,2013
23344,2371.0,2013
23345,2824.0,2013
23346,2693.0,2013
23347,1479.0,2013
23348,2763.0,2013
23350,3021.0,2013
23351,2231.0,2013
23353,2960.0,2013
23355,3021.0,2013
23356,3021.0,2013
23357,3021.0,2013
23358,1116.0,2013
23360,2960.0,2013
23361,2864.0,2013
23362,2824.0,2013
23363,2693.0,2013
23365,2696.0,2013
23369,2352.0,2013
23370,2352.0,2013
23371,2352.0,2013
23372,2352.0,2013
23373,3003.0,2013
23375,3008.0,2013
23377,2824.0,2013
23378,2869.0,2013
23379,3005.0,2013
23380,3005.0,2013
23381,1622.0,2013
23382,1505.0,2013
23384,3008.0,2013
23385,3008.0,2013
23386,3008.0,2013
23387,2869.0,2013
23388,3003.0,2013
23389,3026.0,2013
23390,2371.0,2013
23391,2389.0,2013
23392,2691.0,2013
23393,2260.0,2013
23394,2863.0,2013
23395,1485.0,2013
23398,1495.0,2013
23399,2389.0,2013
23400,2824.0,2013
23401,3026.0,2013
23404,1126.0,2013
23407,3026.0,2013
23408,2824.0,2013
23409,2691.0,2013
23410,2863.0,2013
23411,1625.0,2013
23415,2554.0,2013
23420,2429.0,2013
23423,2991.0,2013
23426,2899.0,2013
23427,2969.0,2013
23432,2704.0,2013
23439,3226.0,2013
23444,2969.0,2013
23447,2836.0,2013
23454,3076.0,2013
23459,1776.0,2013
23461,1930.0,2013
23463,2554.0,2013
23465,2863.0,2013
23466,2554.0,2013
23470,2998.0,2013
23472,3076.0,2013
23474,2802.0,2013
23476,1765.0,2013
23477,2998.0,2013
23480,2838.0,2013
23485,2863.0,2013
23486,2899.0,2013
23487,1958.0,2013
23491,3226.0,2013
23493,2389.0,2013
23496,2824.0,2013
23497,2512.0,2013
23498,2620.0,2013
23501,2864.0,2013
23505,3156.0,2013
23506,2620.0,2013
23508,3028.0,2013
23511,1911.0,2013
23517,2838.0,2013
23519,3055.0,2013
23521,2786.0,2013
23522,2991.0,2013
23523,2704.0,2013
23528,3055.0,2013
23530,2991.0,2013
23531,1858.0,2013
23536,1333.0,2013
23537,2704.0,2013
23538,3156.0,2013
23539,2824.0,2013
23540,2359.0,2013
23543,2802.0,2013
23544,2824.0,2013
23545,2960.0,2013
23546,3028.0,2013
23547,1413.0,2013
23548,1858.0,2013
23550,1935.0,2013
23551,2960.0,2013
23552,2763.0,2013
23553,2763.0,2013
23556,1730.0,2013
23558,2030.0,2013
23561,2005.0,2013
23562,2000.0,2013
23563,1610.0,2013
23567,1911.044438339439,2013
23569,1852.0,2013
23570,1466.0,2013
23571,1465.0,2013
23575,1884.0926055406,2013
23576,2512.0,2013
23580,2085.0,2013
23583,2069.0,2013
23585,1775.0,2013
23587,1960.0,2013
23588,1909.0,2013
23589,2501.0,2013
23590,2004.0,2013
23591,1690.0,2013
23592,1941.0,2013
23593,2501.0,2013
23595,2030.0,2013
23597,1802.0,2013
23598,1853.0,2013
23600,1845.0,2013
23610,1845.0,2013
23611,1215.0,2013
23612,1215.0,2013
23613,1230.0,2013
23615,2240.0,2013
23616,1805.0,2013
23622,1661.1125186209244,2013
23630,1980.0,2013
23642,1592.0,2013
23645,1895.0,2013
23651,2258.0,2013
23653,2094.0,2013
23654,1621.0,2013
23655,2105.0,2013
23656,1352.0,2013
23657,1255.0,2013
23658,1255.0,2013
23660,2359.0,2013
23661,2065.0,2013
23662,1855.0,2013
23667,2314.0,2013
23668,2314.0,2013
23669,2314.0,2013
23670,2314.0,2013
23671,2314.0,2013
23672,2314.0,2013
23673,2258.0,2013
23674,1930.0,2013
23675,1990.0,2013
23676,2010.0,2013
23677,2010.0,2013
23679,1920.0,2013
23680,2258.0,2013
23681,2258.0,2013
23683,1980.0,2013
23684,1805.0,2013
23685,1855.0,2013
23686,2378.0,2013
23688,2418.0,2013
23689,1454.0,2013
23695,2418.0,2013
23696,1495.0,2013
23697,1574.0,2013
23699,1582.0,2013
23700,2175.0,2013
23704,2429.0,2013
23707,1815.0,2013
23709,2378.0,2013
23711,1556.0,2013
23712,1245.0,2013
23714,1245.0,2013
23719,1638.0,2013
23720,1195.0,2013
23727,2389.0,2013
23728,1805.0,2013
23733,1369.0,2013
23738,1690.0,2013
23739,1574.0,2013
23742,1649.0,2013
23745,1521.0,2013
23748,1501.0,2013
23750,1577.3737521197806,2013
23754,1995.0,2013
23767,1496.0,2013
23768,1614.0,2013
23769,2245.0,2013
23771,1475.0,2013
23776,2312.0,2013
23777,1667.0,2013
23779,2310.0,2013
23781,1721.0,2013
23783,1551.0,2013
23784,1506.0,2013
23786,2486.0,2013
23788,2486.0,2013
23790,1594.0,2013
23791,1739.0,2013
23798,1978.0,2013
23799,2070.0,2013
23800,1718.0,2013
23801,2050.0,2013
23802,2070.0,2013
23804,1320.0,2013
23808,2007.0,2013
23809,2350.0,2013
23810,1320.0,2013
23811,2350.0,2013
23812,2567.0,2013
23814,2105.0,2013
23815,1417.0,2013
23816,1310.0,2013
23818,1310.0,2013
23819,1369.0,2013
23820,2567.0,2013
23821,2328.0,2013
23822,1417.0,2013
23824,2561.0,2013
23826,1870.0,2013
23827,1731.0,2013
23828,2552.0,2013
23836,1560.0,2013
23837,1760.0,2013
23839,1560.0,2013
23841,1560.0,2013
23842,1350.0,2013
23843,1350.0,2013
23845,1234.0,2013
23847,1436.0,2013
23849,1335.0,2013
23851,1642.0,2013
23856,1230.0,2013
23857,2000.0,2013
23858,1352.0,2013
23862,2225.0,2013
23864,1746.0,2013
23866,1335.0,2013
23867,1970.0,2013
23868,1860.0,2013
23874,1350.0,2013
23877,1350.0,2013
23878,1510.0,2013
23879,1569.0,2013
23881,1507.0,2013
23882,1801.0,2013
23883,2477.0,2013
23884,2477.0,2013
23886,1400.0,2013
23891,1588.0,2013
23892,2429.0,2013
23895,2144.0,2013
23897,1410.0,2013
23898,1914.0,2013
23902,1678.0,2013
23903,1489.0,2013
23904,1504.0,2013
23906,2123.0,2013
23909,2473.0,2013
23912,1623.0,2013
23915,2030.0,2013
23916,1970.0,2013
23917,1466.0,2013
23918,1290.0,2013
23919,1470.0,2013
23920,1447.0,2013
23922,1290.0,2013
23923,1295.0,2013
23924,1295.0,2013
23925,1300.0,2013
23934,1990.0,2013
23937,1477.0,2013
23938,1335.0,2013
23941,1295.0,2013
23942,1335.0,2013
23943,1940.0,2013
23945,1940.0,2013
23948,1269.0,2013
23949,1304.0,2013
23950,1970.0,2013
23954,2225.0,2013
23955,1398.0,2013
23956,2229.0,2013
23959,1494.0,2013
23961,2312.0,2013
23962,2304.0,2013
23967,2307.0,2013
23968,1612.0,2013
23969,1285.0,2013
23970,2157.0,2013
23971,2550.0,2013
23972,1285.0,2013
23974,1648.0,2013
23975,1290.0,2013
23977,1370.0,2013
23978,1370.0,2013
23982,1400.0,2013
23985,1230.0,2013
23987,1839.0,2013
23989,1516.0,2013
23991,1479.0,2013
23994,1333.0,2013
24000,1852.0,2013
24002,1682.0,2013
24003,1717.0,2013
24004,1279.0,2013
24006,1525.0,2013
24008,1912.0,2013
24009,1753.0,2013
24010,2164.0,2013
24011,1792.0,2013
24012,1814.0,2013
24016,1823.0,2013
24020,1860.0,2013
24021,1848.0,2013
24023,1819.0,2013
24025,1681.0,2013
24028,1270.0,2013
24029,1880.0,2013
24032,1290.0,2013
24034,1887.0,2013
24037,1810.0,2013
24038,1926.0,2013
24039,2418.0,2013
24040,2338.0,2013
24041,1700.0,2013
24042,1635.0,2013
24043,1644.0,2013
24045,1898.0,2013
24046,1616.0,2013
24051,1990.0,2013
24056,1973.0,2013
24057,895.0,2013
24062,905.0,2013
24063,2065.0,2013
24064,1703.0,2013
24071,1353.0,2013
24072,1920.0,2013
24073,2036.0,2013
24075,2015.0,2013
24078,1409.0,2013
24079,1550.0,2013
24081,895.0,2013
24082,1555.0,2013
24084,1574.0,2013
24085,905.0,2013
24087,1573.0,2013
24088,2145.0,2013
24090,1600.0,2013
24092,2336.0,2013
24096,1703.0,2013
24101,1636.0,2013
24103,1569.0,2013
24105,1682.0,2013
24106,1468.0,2013
24107,1702.0,2013
24108,1706.0,2013
24109,1711.0,2013
24110,1472.0,2013
24115,1484.0,2013
24116,1579.0,2013
24117,1602.0,2013
24118,1870.0,2013
24119,1608.0,2013
24120,1996.0,2013
24121,1914.0,2013
24122,1619.0,2013
24123,1635.0,2013
24124,1885.0,2013
24125,1910.0,2013
24126,1894.0,2013
24129,1882.0,2013
24130,1912.0,2013
24131,1515.0,2013
24139,1445.0,2013
24141,1445.0,2013
24144,1566.48271950272,2013
24146,1496.0,2013
24147,1496.0,2013
24149,1937.0,2013
24153,1640.0,2013
24155,1261.0,2013
24156,1680.0,2013
24159,1681.0,2013
24162,1693.0,2013
24164,1362.0,2013
24165,1362.0,2013
24166,1692.0,2013
24167,1970.0,2013
24169,1819.0,2013
24174,2143.0,2013
24176,1480.0,2013
24182,1637.0,2013
24184,2220.0,2013
24185,2220.0,2013
24186,1471.0,2013
24193,2067.0,2013
24198,2173.0,2013
24200,1509.0,2013
24202,2063.0,2013
24205,1999.0,2013
24206,2068.0,2013
24207,1987.0,2013
24208,1970.0,2013
24209,1970.0,2013
24210,1967.0,2013
24211,2000.0,2013
24212,1965.0,2013
24213,1963.0,2013
24214,1956.0,2013
24215,1801.0,2013
24216,1292.0,2013
24217,1942.0,2013
24218,1539.0,2013
24219,2053.0,2013
24220,1548.0,2013
24221,2015.0,2013
24224,2044.0,2013
24226,1405.0,2013
24227,2030.0,2013
24228,1422.0,2013
24229,1438.0,2013
24232,2180.0,2013
24233,2155.0,2013
24236,2121.0,2013
24237,2020.0,2013
24238,2084.0,2013
24239,1637.0,2013
24240,1796.0,2013
24245,1905.0,2013
24257,1507.3304801744891,2013
24259,1526.3606983204886,2013
24267,1764.0,2013
24270,1704.0,2013
24274,1942.0,2013
24279,1860.5075,2013
24295,1804.0,2013
24306,1445.0,2013
24311,1479.0,2013
24321,1688.0,2013
24322,2424.0,2013
24323,2089.4129523809515,2013
24327,2125.0,2013
24330,1679.0,2013
24332,2419.0,2013
24335,2419.0,2013
24339,1306.0,2013
24344,1652.0,2013
24345,2316.094702380952,2013
24351,1784.0,2013
24354,1407.0,2013
24355,1686.0,2013
24362,1439.0,2013
24366,1445.0,2013
24368,1652.0,2013
24371,2143.211571428573,2013
24372,1515.0,2013
24374,2424.0,2013
24376,1231.0,2013
24377,1231.0,2013
24378,1694.0,2013
24381,2424.0,2013
24383,1679.0,2013
24389,2723.0,2013
24392,2647.0,2013
24395,2593.0,2013
24396,2593.0,2013
24397,1711.0,2013
24403,2593.0,2013
24405,2773.0,2013
24408,1726.0,2013
24409,1610.0,2013
24417,1530.0,2013
24420,1631.0,2013
24426,1736.0,2013
24427,1765.0,2013
24429,2549.0,2013
24431,1679.0,2013
24432,2419.0,2013
24433,1788.0,2013
24434,2125.0,2013
24435,1788.0,2013
24436,1757.0,2013
24437,1771.0,2013
24442,2477.0,2013
24443,2477.0,2013
24444,1321.0,2013
24445,2234.0,2013
24446,2477.0,2013
24448,1761.0,2013
24450,1688.0,2013
24453,1744.0,2013
24457,2534.0,2013
24458,2534.0,2013
24460,2534.0,2013
24461,2521.0,2013
24462,1822.0,2013
24467,1675.0,2013
24471,2549.0,2013
24477,1822.0,2013
24479,1669.0,2013
24480,2383.0,2013
24481,2161.0,2013
24482,1655.0,2013
24483,2383.0,2013
24484,2161.0,2013
24485,2161.0,2013
24486,1788.0,2013
24490,2288.0,2013
24495,1881.0,2013
24496,2345.0,2013
24497,2345.0,2013
24499,2326.0,2013
24501,1853.0,2013
24502,1840.0,2013
24503,2326.0,2013
24508,2326.0,2013
24509,2326.0,2013
24512,2265.0,2013
24513,2265.0,2013
24514,2265.0,2013
24515,1923.0,2013
24516,2068.0,2013
24517,2345.0,2013
24519,1669.0,2013
24520,1788.0,2013
24521,2288.0,2013
24524,2234.0,2013
24531,1640.0,2013
24533,1873.0,2013
24536,2004.0,2013
24539,2410.0,2013
24540,2288.0,2013
24543,2288.0,2013
24544,2410.0,2013
24545,2383.0,2013
24546,2019.0,2013
24548,2419.0,2013
24553,1301.0,2013
24560,1803.0,2013
24562,1329.0,2013
24566,1325.0,2013
24572,1675.0,2013
24573,1249.0,2013
24577,1554.0,2013
24578,1585.0,2013
24579,1858.0,2013
24582,1471.0,2013
24590,1634.0,2013
24593,1323.0,2013
24594,2836.0,2013
24598,1637.0,2013
24599,1272.0,2013
24602,1322.0,2013
24603,1249.0,2013
24608,1285.0,2013
24614,1626.0,2013
24615,1533.2691208531244,2013
24616,1488.0,2013
24626,1125.0,2013
24631,2083.0,2013
24632,2138.0,2013
24636,1125.0,2013
24640,1281.0,2013
24642,1299.0,2013
24650,2074.0,2013
24654,1588.0,2013
24666,2156.0,2013
24669,1169.0,2013
24675,1286.0,2013
24679,2791.0,2013
24680,1275.0,2013
24686,2143.0,2013
24713,1373.0,2013
24716,1746.09742481203,2013
24719,1445.0,2013
24720,1151.0,2013
24722,1445.0,2013
24724,1439.0,2013
24727,2180.0,2013
24730,1525.0,2013
24732,1129.0,2013
24733,1129.0,2013
24738,1154.0,2013
24739,1605.0,2013
24742,2070.0,2013
24743,1556.0,2013
24746,1557.0,2013
24747,1155.0,2013
24748,1155.0,2013
24750,2554.0,2013
24751,1296.0,2013
24753,1298.0,2013
24758,1292.0,2013
24760,2918.0,2013
24761,1652.0,2013
24762,1291.0,2013
24763,2054.2109523809513,2013
24770,1399.0,2013
24771,2991.0,2013
24773,1286.0,2013
24774,2704.0,2013
24778,1139.0,2013
24784,2008.650366887065,2013
24797,1430.0,2013
24806,1737.4967800173677,2013
24807,1958.1653255055448,2013
24809,1909.774365079365,2013
24810,2306.099642857143,2013
24820,1825.0,2013
24838,1799.625762135619,2013
24843,1837.0,2013
24854,1124.0,2013
24862,2199.0,2013
24870,1525.0,2013
24879,1882.9221428571427,2013
24883,2303.0,2013
24885,2290.0,2013
24894,2420.0,2013
24897,1551.63137923794,2013
