vehicle_id,Price_USD
20090,38719.66722916452
20091,43634.6635
20092,58131.91925844549
20095,37742.20932672811
20096,25460.882104737837
20099,58131.91925844549
20100,62603.884351259236
20103,58638.16214343537
20104,40159.97431269749
20106,17054.825535994838
20107,35616.77845813651
20109,24892.020191918273
20111,31522.553708333333
20112,37168.65695239261
20115,58155.71036010819
20117,43505.98374767196
20120,75206.184181595
20121,32674.22811627828
20123,38719.66722916452
20124,42456.485428078435
20125,17844.768423644986
20127,35616.77845813651
20129,41251.60332870011
20137,15389.94856250839
20138,70849.33253769844
20139,31171.87601512714
20140,105255.29138116848
20142,34211.344131940554
20144,15389.94856250839
20145,34292.02578893025
20148,42865.49299922997
20149,36026.95564316465
20150,112059.10019106168
20151,40625.143475520425
20153,120608.90810648333
20154,39158.05502476054
20157,148388.75032784874
20159,17640.56658027086
20160,38362.12401219503
20161,33051.45770123107
20162,38709.56776472198
20163,62603.884351259236
20166,79451.18780165535
20167,32681.16472055281
20169,41464.45892573337
20170,31290.287023616576
20173,17001.916016300485
20174,43912.8305203713
20175,30268.37153048618
20176,17001.916016300485
20177,36209.1187286817
20178,29983.49635147005
20179,31613.251327862694
20180,27287.86308794087
20181,28422.684701299513
20185,61925.865597767304
20188,53646.30217322422
20190,72632.49509139002
20192,44973.41793855592
20194,30041.82059782974
20196,27581.134193760518
20198,36032.86412927693
20201,36181.88128026383
20202,82527.56563669216
20203,43804.031
20205,32108.935660714284
20206,18486.391377112894
20207,41191.67131626584
20209,19908.861169962078
20211,63825.98226785717
20212,35874.606336266545
20214,84377.00015250595
20216,39048.041685729644
20220,16355.079815634908
20223,49813.76166740681
20225,16816.8033047497
20226,19908.861169962078
20227,44964.543255980716
20232,24771.437199469925
20233,58663.2844394412
20234,84377.00015250595
20235,28376.523548818695
20236,27581.134193760518
20238,17226.682275094223
20240,17163.886880952392
20243,25271.680501862833
20244,19764.703892776783
20245,27494.00179339194
20246,17057.060273305262
20249,25222.514091852496
20259,19764.703892776783
20261,17226.682275094223
20263,85613.84855684302
20264,28814.50080779234
20265,31061.070683488808
20270,19764.703892776783
20271,85894.57761993942
20273,27581.134193760518
20274,16479.63427789838
20276,47231.059303568094
20277,147837.2488591078
20278,17163.886880952392
20279,29971.70621280222
20280,36309.585596193
20284,27859.449363382206
20285,51832.01194835535
20286,52962.69164769006
20287,20466.015171290954
20288,19822.51932538871
20289,20466.015171290954
20290,62464.036430216875
20291,26351.66845523923
20292,85894.57761993942
20293,85894.57761993942
20294,42856.00550360493
20296,42856.00550360493
20298,28514.707897833883
20299,50520.474715223376
20301,39209.10143006794
20303,19822.51932538871
20304,91354.61889091259
20305,23310.876011715267
20306,46669.59890537429
20307,17163.886880952392
20309,19124.44944502222
20312,21642.815747139062
20314,21642.815747139062
20315,22477.687803030287
20318,19349.19204417188
20325,31061.070683488808
20327,40287.717860186924
20329,28376.523548818695
20332,62885.76578367467
20339,31061.070683488808
20341,43610.25779798958
20345,41836.69310087973
20346,44120.243247063874
20348,28406.560530405535
20349,43547.42692312116
20351,22782.306218126003
20353,41342.18072771318
20354,18064.00316713779
20360,43469.55254053447
20361,20116.045079816853
20366,51643.653222585206
20367,34985.59700190058
20368,79451.18780165535
20371,21962.078539143757
20372,21962.078539143757
20374,60125.26399801592
20376,36262.6786904762
20377,47231.059303568094
20378,44120.243247063874
20379,26717.93301526909
20380,26717.93301526909
20381,39117.18922601905
20382,112059.10019106168
20383,39117.18922601905
20384,99140.23569588747
20385,39117.18922601905
20389,24896.875686103278
20390,20438.480431543754
20391,20438.480431543754
20392,39560.98833086869
20393,48463.816646089384
20403,67326.77651093897
20407,24139.009281697494
20409,51918.63819639072
20412,88567.93485554411
20413,88567.93485554411
20414,64808.81417355667
20416,58638.16214343537
20417,91168.59753819379
20418,43268.89231825967
20422,48481.62256010413
20424,20466.015171290954
20429,46740.26010156643
20431,22798.512495857205
20435,22798.512495857205
20436,20378.329739538243
20437,23001.542862717102
20440,44652.46393098346
20441,34552.15401635393
20442,44652.46393098346
20443,24892.020191918273
20444,198982.48782946222
20445,46740.26010156643
20447,23001.542862717102
20450,32234.645605009267
20451,105255.29138116848
20456,53629.31616199712
20459,51643.653222585206
20461,53629.31616199712
20462,28425.624764089494
20470,23001.542862717102
20473,24252.67794421764
20474,55009.87443673881
20479,74266.2426865079
20481,74266.2426865079
20482,18182.4036856347
20485,33998.819925506235
20489,22912.546691414904
20491,45358.85677395284
20495,46990.985938886886
20497,48232.47883140493
20502,22477.687803030287
20503,34003.10550492261
20505,22522.62578168577
20506,23104.214053363332
20508,23851.523132455553
20510,31108.23855988434
20513,40625.143475520425
20514,56799.8015
20515,28537.28922853483
20516,31108.23855988434
20519,75009.0951298281
20520,33808.523230354826
20522,25802.428268240063
20524,35518.979973876434
20525,35518.979973876434
20528,56799.8015
20532,15930.25631543064
20533,55703.71791908345
20534,33600.0031801012
20535,34698.89895508575
20537,41840.48562193979
20538,34731.93926728146
20540,75009.0951298281
20541,49604.203713529496
20542,49604.203713529496
20543,20801.970451727237
20544,21408.223017414235
20548,38719.66722916452
20549,24338.11890024844
20550,38327.31256267188
20551,15887.886034650466
20554,35452.04518487867
20555,20437.769211665633
20557,52249.471003335944
20558,58796.6638125
20559,46240.082045641175
20562,55574.17779570299
20564,18607.104821428573
20565,49413.84344334163
20572,44052.93383456615
20577,39023.96421726192
20578,35088.66599392128
20584,35518.979973876434
20585,18370.57689912518
20586,39126.6323375459
20587,42181.60928887446
20590,18607.104821428573
20593,42181.60928887446
20595,26285.85937302254
20596,39908.10703209361
20597,48242.75263862177
20599,34698.89895508575
20600,100547.97065519594
20601,100547.97065519594
20603,40234.31253068145
20605,39080.632536706325
20606,34003.10550492261
20608,119671.50356804288
20610,45118.13048509888
20614,41392.84519336995
20616,50837.35572321428
20617,26056.239733763683
20618,25839.412038419832
20619,17824.35356605061
20620,19908.861169962078
20621,17226.682275094223
20622,26056.239733763683
20623,86550.93810084257
20624,41836.69310087973
20626,25271.680501862833
20628,76395.27164161
20630,61925.865597767304
20631,61925.865597767304
20632,46517.26415465696
20634,18177.367886992724
20635,26597.090567260995
20637,35623.67291442401
20639,55944.344864276194
20640,32435.23987743504
20641,18177.367886992724
20642,55959.20878220202
20643,34077.457572310464
20644,34077.457572310464
20645,49516.72989546122
20646,24735.554712158635
20647,24735.554712158635
20649,28758.061701915067
20650,24139.009281697494
20654,22782.306218126003
20655,22782.306218126003
20656,51535.30743585499
20657,34077.457572310464
20658,34077.457572310464
20659,25271.680501862833
20663,27929.92802491878
20664,27929.92802491878
20665,38473.577516319834
20667,15657.252024576066
20668,22522.62578168577
20670,51102.961702178065
20671,32673.731676990126
20672,32673.731676990126
20673,32673.731676990126
20675,35874.606336266545
20676,28063.83173253943
20679,57785.27303630574
20680,35874.606336266545
20682,65638.94846327967
20685,49861.33139156004
20686,95749.40530450676
20687,27929.92802491878
20688,95749.40530450676
20689,25460.882104737837
20691,53085.345141522244
20692,36608.218416666256
20693,29291.767838160646
20695,40640.95742753897
20696,55084.519689424844
20698,46054.8114178933
20706,34211.344131940554
20707,31667.56551125013
20709,30268.37153048618
20710,30268.37153048618
20713,31667.56551125013
20715,30909.143050907776
20716,30909.143050907776
20717,49861.33139156004
20719,65058.83785462182
20723,62687.377711635025
20725,27958.23559306333
20727,30909.143050907776
20730,30909.143050907776
20731,27958.23559306333
20737,33553.15335712431
20741,66975.38374701557
20742,42554.31063183672
20743,42456.485428078435
20744,55574.17779570299
20746,45800.83368547696
20748,25222.514091852496
20751,30734.047326348664
20752,30734.047326348664
20754,79451.18780165535
20756,60125.26399801592
20758,82807.8999055383
20759,43026.30624395005
20761,82807.8999055383
20764,67953.55145833669
20768,51102.961702178065
20770,27148.371106983093
20771,35874.606336266545
20775,147837.2488591078
20776,147837.2488591078
20778,43469.55254053447
20785,43547.42692312116
20787,28537.28922853483
20791,24735.554712158635
20792,40234.31253068145
20793,40234.31253068145
20794,32234.645605009267
20796,34511.519226019045
20801,40371.32295589711
20802,27636.58384911087
20806,28537.28922853483
20808,157380.71124352934
20812,26324.247641237005
20813,45850.112908967174
20815,57300.69337081319
20816,22927.95667346847
20817,119671.50356804288
20818,22927.95667346847
20819,31061.070683488808
20820,25617.87378493816
20821,26181.47358936403
20822,22927.95667346847
20823,56183.97875744415
20824,119671.50356804288
20825,49285.65806456221
20826,46964.74689786446
20833,49604.203713529496
20834,32738.840962436734
20835,41836.69310087973
20838,27399.00074672522
20840,64399.430088707915
20841,131576.41418981666
20842,49861.33139156004
20843,37217.2156410862
20845,17411.230163533743
20847,36460.3980348077
20848,36460.3980348077
20849,23281.242829890263
20850,28590.88108048799
20851,17411.230163533743
20852,82807.8999055383
20854,21408.223017414235
20859,21390.860257938326
20860,123356.51624727364
20861,17411.230163533743
20863,35874.606336266545
20864,56978.24083569124
20865,25287.897362993695
20866,88567.93485554411
20867,21962.078539143757
20868,88567.93485554411
20871,27891.537190027
20873,25129.980690694687
20875,25129.980690694687
20876,32404.62146251461
20877,17657.623352556417
20878,17824.35356605061
20879,41345.38875799011
20880,40617.713704226684
20882,75206.184181595
20883,99605.35711210093
20884,28643.807279931007
20885,25129.980690694687
20887,54952.836311899206
20888,22180.340340391995
20890,58694.73582381974
20891,33650.883348665884
20892,73092.22880456044
20895,73775.26747817457
20898,24860.154009157508
20899,40617.713704226684
20900,40617.713704226684
20905,25022.262939091954
20906,25022.262939091954
20907,37168.65695239261
20908,25022.262939091954
20909,23104.214053363332
20910,25444.101181002152
20911,150353.88755158725
20912,40930.87460926412
20918,35323.86709649547
20919,35323.86709649547
20920,45872.262245123326
20922,40371.32295589711
20923,40371.32295589711
20924,28493.391291002954
20925,26279.178655579322
20926,48622.99689953623
20927,67135.82208333335
20928,147837.2488591078
20931,40640.95742753897
20932,26279.178655579322
20934,28493.391291002954
20935,62741.824859687506
20937,34804.32580229483
20938,53561.95733504037
20940,55703.71791908345
20942,62687.377711635025
20944,40617.713704226684
20946,44299.28096205221
20947,45742.84184668711
20948,35643.36676883982
20949,46054.8114178933
20951,100547.97065519594
20954,49861.33139156004
20956,26141.025812103526
20958,36095.90861380906
20961,55946.56743557788
20962,32261.301668300017
20963,32261.301668300017
20964,30861.48700729706
20965,30861.48700729706
20966,44103.33112813909
20968,22522.62578168577
20970,34498.365655714995
20971,105255.29138116848
20972,55238.71443673882
20978,67945.04019841274
20983,57869.547019324855
20984,57869.547019324855
20985,36945.93726071425
20986,53646.30217322422
20989,43406.05821192968
20990,45391.59694512381
20991,25047.005701433816
20998,143710.2291701574
20999,22703.628464675538
21000,84625.15147826186
21001,105255.29138116848
21002,105255.29138116848
21003,143710.2291701574
21004,40124.94882050439
21006,149561.75470329772
21007,36731.10680432146
21009,21692.16518470201
21011,19532.565233674577
21012,19008.77672908484
21013,29335.47641991127
21014,28537.28922853483
21015,36731.10680432146
21016,56155.198467776834
21020,39667.15395833333
21022,39667.15395833333
21024,58694.73582381974
21025,31220.51995678882
21026,84914.84327587861
21029,19532.565233674577
21030,24461.23609178835
21031,31430.86876744486
21035,39080.632536706325
21036,39080.632536706325
21037,39886.31166666667
21038,51832.01194835535
21039,52962.69164769006
21040,62464.036430216875
21042,61822.696877780385
21044,24869.548389064967
21047,36530.86639319722
21048,42323.810833350006
21049,33623.99363915035
21050,42323.810833350006
21053,32967.713
21054,79883.29339941351
21055,48481.62256010413
21056,48481.62256010413
21057,28363.686256993897
21065,43610.25779798958
21070,42629.34675880184
21074,35992.89272498456
21075,41179.813723695384
21076,35992.89272498456
21077,34003.10550492261
21079,27636.58384911087
21080,58424.213896141206
21081,148595.818267855
21082,49604.203713529496
21083,38410.43001551225
21086,38410.43001551225
21087,38410.43001551225
21088,42629.34675880184
21091,40234.31253068145
21092,41076.19731734647
21093,89593.08364834545
21094,31020.972206969458
21098,24181.826516047913
21099,89593.08364834545
21102,43212.39342762472
21104,93759.35148781263
21107,93759.35148781263
21108,147837.2488591078
21109,147837.2488591078
21116,50392.23705256176
21117,50392.23705256176
21118,35826.19322095748
21121,59531.946660103895
21123,102030.93331267884
21124,102030.93331267884
21125,113415.58047100953
21129,80140.01950750274
21130,80140.01950750274
21131,38767.041173265265
21132,38767.041173265265
21134,29814.29680904197
21136,28920.613062375836
21143,18331.840155639642
21146,64548.65622463273
21153,20438.480431543754
21154,68186.7252675738
21155,82527.56563669216
21160,24785.138719187293
21161,21260.31691492264
21163,34827.33052891399
21164,48450.6606629887
21165,63323.84873124097
21166,30865.401183345108
21168,25222.514091852496
21176,24491.906251221128
21179,33650.883348665884
21180,61822.87731860245
21183,93833.75478259569
21185,157380.71124352934
21186,38212.88500603502
21189,31220.51995678882
21191,29936.21287020532
21192,44103.33112813909
21194,55946.56743557788
21197,55946.56743557788
21200,46810.62704536999
21203,36812.954597975404
21205,55703.71791908345
21206,45389.36653269947
21207,24876.8178021619
21208,67434.49633050984
21209,25067.533913443574
21211,58638.16214343537
21212,23074.70692237114
21213,23316.94004049127
21215,19451.912861569024
21217,23059.478301355273
21218,23059.478301355273
21220,22180.340340391995
21222,21962.078539143757
21224,25275.301322600983
21225,19929.991688622067
21226,19929.991688622067
21227,22522.62578168577
21229,31290.287023616576
21230,31290.287023616576
21231,19778.98669582782
21235,73775.26747817457
21236,73775.26747817457
21237,17835.236988386117
21238,17835.236988386117
21239,18177.367886992724
21241,25275.301322600983
21243,33483.82463324021
21244,23569.44785236663
21246,17494.660893460477
21247,17068.303501803734
21248,15571.575421430813
21249,158164.54296087497
21250,99605.35711210093
21252,38758.56144462744
21253,120563.78885648333
21256,25177.237178119307
21261,43469.55254053447
21262,43469.55254053447
21264,23451.497075894975
21265,58694.73582381974
21267,18177.367886992724
21268,32507.396940860028
21269,40469.80232831965
21275,33623.99363915035
21276,20456.527729450358
21277,74266.2426865079
21278,18607.104821428573
21279,62762.158179181504
21280,62762.158179181504
21281,62762.158179181504
21282,62762.158179181504
21283,19241.64781417191
21284,19241.64781417191
21287,37714.548422367894
21288,30734.047326348664
21293,27622.055013894
21299,25734.694520962195
21303,35145.69523713167
21305,96790.0891322543
21308,27287.86308794087
21311,89895.58907007045
21312,89895.58907007045
21314,17163.886880952392
21315,17163.886880952392
21318,31550.57871645004
21319,15389.94856250839
21320,15389.94856250839
21321,37217.2156410862
21322,16397.890960511715
21324,19764.703892776783
21325,19908.861169962078
21326,20285.444928742105
21327,18331.840155639642
21328,80368.67006329741
21332,131576.41418981666
21333,42237.878603894285
21334,26285.85937302254
21335,26285.85937302254
21336,18607.104821428573
21337,34522.11856547618
21338,73719.30226067305
21340,73719.30226067305
21345,27237.977135106474
21347,23280.23295684739
21349,22180.340340391995
21350,18064.00316713779
21351,22927.95667346847
21352,25444.101181002152
21354,23059.478301355273
21355,74266.2426865079
21356,33800.90034345311
21357,46336.52697652977
21358,14297.398736832474
21359,46336.52697652977
21364,33800.90034345311
21365,27641.213468119262
21366,37971.957114662095
21369,24338.11890024844
21371,74266.2426865079
21372,15464.006139776848
21373,33800.90034345311
21375,112059.10019106168
21376,46966.678181851596
21387,88567.93485554411
21390,17027.60578465709
21391,17027.60578465709
21393,24067.881380365485
21396,33800.90034345311
21397,76395.27164161
21399,32244.981149673502
21402,27641.213468119262
21403,46740.26010156643
21406,27210.6099403524
21407,156180.14619082934
21408,27641.213468119262
21410,34127.74050607821
21411,27494.00179339194
21416,24876.8178021619
21418,74266.2426865079
21421,40371.32295589711
21422,50066.61430892787
21423,34003.10550492261
21428,31541.536677843673
21430,63695.64249200952
21431,63695.64249200952
21441,61494.225625
21444,25363.783995798993
21446,26692.816027208686
21447,83027.54924986114
21448,27636.58384911087
21451,38507.697591833705
21453,43469.55254053447
21457,32673.731676990126
21463,26717.93301526909
21466,25022.262939091954
21471,27343.88281917005
21472,38507.697591833705
21473,41191.67131626584
21477,58694.73582381974
21478,15887.886034650466
21480,15887.886034650466
21481,35733.1957955026
21482,27237.977135106474
21489,93188.39615658805
21492,19244.59281417191
21494,76395.27164161
21497,40469.80232831965
21499,25714.70709028057
21500,43807.023776624614
21506,34511.519226019045
21507,34511.519226019045
21521,18331.840155639642
21522,41342.18072771318
21524,25802.428268240063
21527,39555.1271748936
21528,102030.93331267884
21532,24252.67794421764
21535,28814.50080779234
21541,22318.81433915443
21542,53646.30217322422
21543,53646.30217322422
21549,25847.862004427505
21550,56799.8015
21551,18422.602874116434
21553,58694.73582381974
21560,48463.816646089384
21561,40852.24954767055
21565,45128.144475927846
21568,105255.29138116848
21569,46740.26010156643
21570,33808.523230354826
21571,35643.36676883982
21572,51246.60859347715
21574,62464.036430216875
21575,20437.769211665633
21576,38428.880854585004
21584,25464.19741885933
21585,120563.78885648333
21586,65798.10728347942
21587,32114.626893715395
21589,54952.836311899206
21593,49906.74988355653
21595,80140.01950750274
21596,28982.954353174588
21597,28982.954353174588
21598,20466.015171290954
21599,52962.69164769006
21600,20466.015171290954
21603,148388.75032784874
21606,39080.632536706325
21607,27636.58384911087
21608,27636.58384911087
21609,29319.195648540648
21610,42181.60928887446
21612,27636.58384911087
21613,29335.47641991127
21615,41076.19731734647
21616,25847.862004427505
21617,24067.881380365485
21618,41243.62914294551
21620,124333.32256705234
21623,43268.89231825967
21624,31108.23855988434
21625,28925.312951540254
21627,52962.69164769006
21629,57240.84575334893
21630,206455.08272842824
21631,32114.626893715395
21632,49554.44526265489
21633,54952.836311899206
21635,32478.08448891031
21637,38476.27584965317
21638,206455.08272842824
21641,38476.27584965317
21642,26333.940725918415
21645,29319.195648540648
21648,55910.34136545221
21652,25604.88744040643
21655,41761.00499249691
21657,51246.60859347715
21658,23081.970728412696
21659,37194.23983229629
21665,73719.30226067305
21667,32001.77485156855
21668,55910.34136545221
21670,30734.047326348664
21671,51535.30743585499
21673,23948.90029849692
21675,50833.13574967637
21676,36530.86639319722
21677,37194.23983229629
21678,62203.96575232591
21681,23803.000685536426
21683,23803.000685536426
21689,28363.686256993897
21690,44862.32913511952
21693,49813.76166740681
21694,36078.08891899878
21696,119671.50356804288
21698,58694.73582381974
21700,54729.2716176312
21701,40617.713704226684
21702,40617.713704226684
21703,40617.713704226684
21704,37220.9403384768
21705,36607.078368235
21706,36607.078368235
21707,44593.58979570356
21712,41895.049934122704
21713,23700.291097002893
21714,37220.9403384768
21715,66800.01675422398
21717,119671.50356804288
21718,25083.66927217041
21721,49070.68400911988
21723,54196.438187286556
21731,34077.457572310464
21732,23700.291097002893
21733,34218.16592454713
21734,67326.77651093897
21735,67326.77651093897
21737,55574.17779570299
21738,33623.99363915035
21740,35088.66599392128
21741,45800.83368547696
21744,119671.50356804288
21748,17505.04621220159
21755,34077.457572310464
21756,29936.21287020532
21757,34077.457572310464
21759,34077.457572310464
21762,44391.08900073679
21765,51726.12576318381
21766,41834.92142923406
21768,26334.927481671817
21772,39965.97243232033
21777,38410.43001551225
21778,38410.43001551225
21780,38410.43001551225
21781,24181.826516047913
21783,53890.28418559532
21791,32408.856418259962
21794,41076.19731734647
21797,35992.89272498456
21801,64548.65622463273
21809,55946.56743557788
21813,24181.826516047913
21814,25129.980690694687
21815,46810.62704536999
21824,30268.37153048618
21831,55703.71791908345
21832,35992.89272498456
21833,35992.89272498456
21835,147837.2488591078
21857,112059.10019106168
21860,30909.143050907776
21861,28493.564228534833
21862,28493.564228534833
21863,30909.143050907776
21864,30909.143050907776
21867,39886.31166666667
21872,38231.901310457
21873,35911.53127945998
21874,43268.89231825967
21875,32967.713
21878,32408.856418259962
21879,35826.19322095748
21880,44593.58979570356
21881,44593.58979570356
21885,46966.678181851596
21887,44593.58979570356
21890,39965.97243232033
21892,48013.131264882155
21893,25360.289363429943
21895,22789.397571925067
21896,41895.049934122704
21897,49427.41510863095
21898,22789.397571925067
21899,65638.94846327967
21901,44593.58979570356
21902,41895.049934122704
21903,49753.625069546215
21904,30909.143050907776
21905,41179.813723695384
21909,27190.333984867622
21914,25022.262939091954
21917,102030.93331267884
21923,27190.333984867622
21925,41179.813723695384
21927,24109.350540682477
21930,24109.350540682477
21934,25022.262939091954
21935,34731.93926728146
21936,25022.262939091954
21942,34731.93926728146
21943,28445.865869188903
21947,38721.3262129264
21948,36044.186503279256
21960,23948.90029849692
21962,27909.087518497203
21964,24847.043389916977
21972,25129.980690694687
21977,25129.980690694687
21986,35088.66599392128
21987,102030.93331267884
21989,39311.090469121875
21990,27929.92802491878
21991,40479.56679876021
21992,39311.090469121875
21994,27929.92802491878
21997,27929.92802491878
22004,19764.703892776783
22008,34827.33052891399
22010,15938.101955701703
22012,16840.564233833375
22016,16816.8033047497
22022,30597.01948534536
22030,48622.99689953623
22032,36713.707999999584
22033,25126.672157703673
22041,48463.816646089384
22043,22013.151501731798
22045,53235.91001863056
22049,217345.94126313072
22050,43807.023776624614
22058,42554.31063183672
22074,49070.68400911988
22075,19007.035918642694
22088,32230.322619188915
22092,50392.23705256176
22093,15464.006139776848
22099,79451.18780165535
22100,82807.8999055383
22101,26285.85937302254
22103,49370.34616666666
22104,17640.56658027086
22112,51055.17958615477
22114,53235.91001863056
22115,35032.390958924654
22116,36826.24170686625
22122,29335.47641991127
22131,49070.68400911988
22132,55946.56743557788
22133,34708.52767475345
22134,38231.901310457
22137,25280.709867652375
22138,37144.144956652795
22139,38209.895880745
22140,26285.85937302254
22146,39555.1271748936
22149,148976.8332633019
22156,58131.91925844549
22157,35518.979973876434
22159,47802.94345417785
22160,47802.94345417785
22171,143710.2291701574
22172,23310.876011715267
22177,34708.52767475345
22188,39667.15395833333
22195,39667.15395833333
22201,55059.899289367764
22204,52271.42679710703
22207,58155.71036010819
22209,51055.17958615477
22219,48562.643975418185
22221,40914.50727356819
22222,55910.34136545221
22223,27958.23559306333
22224,80140.01950750274
22225,42323.810833350006
22228,143710.2291701574
22231,46055.07444190664
22233,32967.713
22234,32001.77485156855
22238,42323.810833350006
22239,36460.3980348077
22250,23480.90323448773
22252,34003.10550492261
22259,143710.2291701574
22260,49861.33139156004
22261,24181.826516047913
22265,31061.070683488808
22277,46055.07444190664
22281,40625.143475520425
22284,79883.29339941351
22285,39525.770743766225
22288,17319.432087076068
22299,29814.29680904197
22300,25287.897362993695
22304,45850.112908967174
22309,29983.49635147005
22311,43505.98374767196
22312,58638.148994685034
22317,22927.95667346847
22324,62603.884351259236
22325,28835.404856402532
22327,29814.29680904197
22328,28445.865869188903
22329,26324.247641237005
22332,57300.69337081319
22336,16225.108038039243
22343,27190.333984867622
22345,44103.33112813909
22352,56060.31447763708
22357,57240.84575334893
22377,65856.9249695187
22379,24860.154009157508
22386,27641.213468119262
22387,37971.957114662095
22389,33364.77313324021
22390,22789.397571925067
22399,46055.07444190664
22401,46055.07444190664
22405,80140.01950750274
22408,26351.66845523923
22415,30268.37153048618
22416,157380.71124352934
22417,24876.427956652373
22418,27641.213468119262
22420,41895.049934122704
22437,43469.55254053447
22442,22927.95667346847
22443,36095.90861380906
22444,21504.288505187036
22446,51816.12672760092
22448,51816.12672760092
22449,33623.99363915035
22453,33623.99363915035
22456,61822.87731860245
22457,33857.22855251748
22458,49813.76166740681
22465,61822.87731860245
22472,40625.143475520425
22474,25617.87378493816
22475,32230.322619188915
22478,22107.104889172297
22479,22107.104889172297
22485,56060.31447763708
22488,38758.56144462744
22489,65780.03589766337
22491,97160.24395238407
22493,182971.19554880494
22495,88567.93485554411
22496,60125.26399801592
22498,60125.26399801592
22503,119671.50356804288
22509,29832.38169474001
22510,23700.291097002893
22515,27287.86308794087
22519,24876.035920686532
22521,32967.713
22524,24847.043389916977
22531,29832.38169474001
22532,58806.90739586584
22536,27287.86308794087
22538,38758.56144462744
22540,24735.554712158635
22543,25271.680501862833
22545,30734.047326348664
22554,32674.22811627828
22555,21571.17874933252
22556,25360.289363429943
22557,35941.92736976734
22563,29749.789635440437
22565,31310.399523009262
22566,36422.417640316424
22567,51172.636199472334
22569,36410.22401516429
22572,41015.81722597941
22578,39152.66693119213
22580,22927.95667346847
22581,24283.15110546166
22582,39048.041685729644
22586,59049.83748784817
22589,37266.045927436724
22590,26717.93301526909
22593,70125.68642597744
22594,70125.68642597744
22595,43469.55254053447
22598,158164.54296087497
22599,119671.50356804288
22602,24252.67794421764
22605,54758.637756103824
22609,54758.637756103824
22612,28493.564228534833
22613,41836.69310087973
22615,40640.95742753897
22616,189531.30149131452
22618,50736.0565747885
22620,36387.229805973984
22622,24847.043389916977
22624,24283.15110546166
22625,40625.143475520425
22630,44120.243247063874
22635,44652.46393098346
22638,29983.49635147005
22641,36140.727783459486
22643,30865.401183345108
22645,44120.243247063874
22646,53629.31616199712
22647,41579.32748395079
22648,46858.31024999999
22650,43394.63114498297
22651,42337.99949206349
22652,55522.19088541666
22653,61717.90006586471
22656,45364.15374668382
22657,55522.19088541666
22658,55522.19088541666
22659,58155.71036010819
22660,46858.31024999999
22661,53451.257817065445
22662,55522.19088541666
22663,41806.44395833332
22664,42009.92484325507
22665,41951.5209605007
22668,51816.581424250064
22669,61717.90006586471
22672,41828.92895833332
22674,35777.722876031694
22676,40618.16490697978
22677,42009.92484325507
22678,48471.14424385819
22679,48471.14424385819
22681,42009.92484325507
22684,42009.92484325507
22685,46858.31024999999
22686,95211.79656382297
22687,24109.350540682477
22690,73775.26747817457
22692,41806.44395833332
22696,48054.70727976187
22698,43394.63114498297
22700,45364.15374668382
22704,38721.3262129264
22708,23367.74317065999
22711,51055.17958615477
22712,40371.32295589711
22713,34765.705091353586
22716,35777.722876031694
22719,33513.62613698145
22720,34765.705091353586
22721,24109.350540682477
22723,48350.725925341314
22724,48350.725925341314
22726,45411.80228835048
22727,30971.711683563124
22728,41879.437321428595
22729,42337.99949206349
22730,38280.51851268047
22732,45411.80228835048
22733,40618.16490697978
22737,33513.62613698145
22738,34765.705091353586
22739,48054.70727976187
22740,45411.80228835048
22742,41828.92895833332
22744,62603.884351259236
22745,41879.437321428595
22746,42102.30108859304
22747,56496.964592915676
22748,51918.63819639072
22749,50495.90089485126
22751,56496.964592915676
22752,56816.15092685785
22753,41550.41363492066
22754,47280.947548553864
22756,47570.69183925235
22757,79451.18780165535
22758,43568.81948400652
22759,66975.38374701557
22760,41344.81771320035
22761,41344.81771320035
22762,42237.878603894285
22763,29347.25697619047
22764,47570.69183925235
22766,47280.947548553864
22768,41812.09145833332
22769,27636.58384911087
22770,27636.58384911087
22771,55570.21779761904
22772,41550.41363492066
22773,50495.90089485126
22774,44040.88073332703
22775,41812.09145833332
22776,47280.947548553864
22777,44040.88073332703
22779,43568.81948400652
22780,55570.21779761904
22781,43272.969750001655
22782,43272.969750001655
22783,43272.969750001655
22784,44040.88073332703
22785,63323.84873124097
22786,41812.09145833332
22787,29347.25697619047
22789,47383.452844423045
22790,43404.28856163631
22791,43404.28856163631
22792,43820.34429645594
22793,43820.34429645594
22794,43820.34429645594
22795,47644.39683333333
22797,45398.76094703794
22798,43404.28856163631
22800,44103.33112813909
22802,45398.76094703794
22804,45398.76094703794
22805,47644.39683333333
22808,44765.76099195414
22809,43408.91356163631
22811,51250.22893651626
22812,47383.452844423045
22813,41746.4582521657
22814,23948.90029849692
22816,51250.22893651626
22818,23948.90029849692
22820,57517.739267045974
22823,41746.4582521657
22826,51563.07878769838
22827,44765.76099195414
22828,51563.07878769838
22830,43408.91356163631
22831,41812.09145833332
22833,41812.09145833332
22835,74266.2426865079
22836,25541.256309900626
22837,25541.256309900626
22839,39074.183006944455
22840,39074.183006944455
22841,86028.7054830999
22843,43026.30624395005
22845,60125.26399801592
22846,86028.7054830999
22847,34498.365655714995
22848,25777.935938805833
22850,86028.7054830999
22853,50645.90656749197
22855,34765.705091353586
22857,33998.819925506235
22858,41879.437321428595
22859,39117.164870039676
22861,39242.892076480624
22863,48013.131264882155
22864,39117.164870039676
22866,39117.164870039676
22867,39117.164870039676
22868,38362.12401219503
22869,36053.9925
22870,39117.164870039676
22871,39101.962256944455
22872,41834.92142923406
22874,27087.753623017303
22875,39117.164870039676
22876,34030.44521283905
22879,45411.80228835048
22880,43810.360589105345
22881,45411.80228835048
22882,56799.8015
22883,50066.61430892787
22885,56799.8015
22887,43810.360589105345
22888,46273.060993939296
22890,43362.14769070919
22891,43547.42692312116
22893,43362.14769070919
22894,43362.14769070919
22895,70971.90028850643
22896,50495.90089485126
22897,23367.74317065999
22898,35643.36676883982
22900,50006.20422201132
22903,37742.20932672811
22904,50645.90656749197
22905,50787.95144027917
22906,46273.060993939296
22907,23367.74317065999
22908,82527.56563669216
22909,52643.68671374459
22910,50645.90656749197
22912,52643.68671374459
22913,39525.770743766225
22914,50066.61430892787
22915,30734.047326348664
22916,56816.15092685785
22918,50006.20422201132
22919,43810.360589105345
22920,55564.36989162601
22921,44765.76099195414
22922,49906.74988355653
22923,44103.33112813909
22924,39462.192963742695
22925,23803.000685536426
22926,39462.192963742695
22928,58467.26182607907
22929,23803.000685536426
22930,58467.26182607907
22932,44119.31627904735
22933,45302.363469558186
22934,45302.363469558186
22935,45302.363469558186
22936,79451.18780165535
22937,82527.56563669216
22939,48232.47883140493
22940,146077.55808759877
22941,31640.599877435034
22943,65856.9249695187
22944,45302.363469558186
22945,25802.428268240063
22946,31640.599877435034
22947,45304.930302891524
22948,56799.8015
22949,84377.00015250595
22950,32114.626893715395
22951,31640.599877435034
22952,45304.930302891524
22953,45304.930302891524
22954,42131.31665582847
22955,45193.64513095238
22956,44579.84394565851
22958,82527.56563669216
22960,42182.86343627206
22961,63975.65703024502
22962,63975.65703024502
22963,42182.86343627206
22964,42182.86343627206
22966,82527.56563669216
22967,27636.58384911087
22968,63975.65703024502
22969,58467.26182607907
22971,30734.047326348664
22972,44579.84394565851
22973,58467.26182607907
22975,45193.64513095238
22976,44579.84394565851
22977,44579.84394565851
22978,44579.84394565851
22979,66358.6254238
22980,66358.6254238
22982,66358.6254238
22983,43035.4726949819
22984,43035.4726949819
22985,43035.4726949819
22987,44579.84394565851
22988,44579.84394565851
22989,44579.84394565851
22991,39462.192963742695
22992,44119.31627904735
22994,45829.73365081368
22995,46054.8114178933
22996,45829.73365081368
22997,45829.73365081368
23000,45829.73365081368
23001,45829.73365081368
23005,116949.5884050063
23006,116949.5884050063
23007,32114.626893715395
23008,116949.5884050063
23009,44162.08312936732
23010,47050.14297210362
23011,47050.14297210362
23013,47050.14297210362
23015,47050.14297210362
23017,47061.20720821473
23018,206539.4079242717
23019,34498.365655714995
23020,206539.4079242717
23021,46740.52434511951
23022,39524.570583333334
23023,116949.5884050063
23024,42535.43449386431
23025,42535.43449386431
23026,39375.533241891484
23027,40477.36990083487
23028,45304.930302891524
23029,39829.072138204814
23030,34511.519226019045
23031,34511.519226019045
23032,40477.36990083487
23034,40477.36990083487
23037,30442.86944117041
23039,40477.36990083487
23045,44119.31627904735
23046,42535.43449386431
23047,42834.65224684049
23048,40469.070734164045
23049,40469.070734164045
23051,42834.65224684049
23052,42834.65224684049
23053,40469.070734164045
23055,35518.979973876434
23056,40469.070734164045
23058,42834.65224684049
23059,46740.52434511951
23060,42182.86343627206
23062,40617.713704226684
23063,40617.713704226684
23064,45229.561099857936
23065,40617.713704226684
23067,58638.16214343537
23068,33551.31447327931
23069,44174.857608529
23070,44174.857608529
23071,44174.857608529
23074,18177.367886992724
23075,18177.367886992724
23076,51387.37380593784
23078,61925.865597767304
23079,61925.865597767304
23080,44691.1306139971
23081,36053.9925
23082,44691.1306139971
23083,44691.1306139971
23084,41574.22110971306
23085,41574.22110971306
23086,41574.22110971306
23089,50309.82054232142
23090,50309.82054232142
23091,50309.82054232142
23092,44691.1306139971
23093,29603.110944685995
23096,49906.74988355653
23097,62762.158179181504
23098,51387.37380593784
23099,51387.37380593784
23100,49906.74988355653
23101,62762.158179181504
23102,38740.63920204045
23103,38740.63920204045
23104,38740.63920204045
23106,44964.543255980716
23108,26334.927481671817
23109,26717.93301526909
23110,26334.927481671817
23111,67434.49633050984
23112,67434.49633050984
23113,44176.340108528995
23114,28606.36110365931
23115,44176.340108528995
23116,33513.62613698145
23118,33551.31447327931
23119,50309.82054232142
23121,24785.138719187293
23122,44176.340108528995
23123,24785.138719187293
23124,26717.93301526909
23125,26717.93301526909
23126,67434.49633050984
23127,67434.49633050984
23128,93188.39615658805
23129,45229.561099857936
23130,44395.89316525842
23131,45229.561099857936
23132,31595.50386373888
23133,45229.561099857936
23134,40148.150776192735
23135,40148.150776192735
23136,113415.58047100953
23137,113415.58047100953
23138,40148.150776192735
23139,40148.150776192735
23140,57517.739267045974
23141,45229.561099857936
23142,45229.561099857936
23143,30923.285951939408
23144,30923.285951939408
23145,31595.50386373888
23146,30923.285951939408
23147,41582.6298947247
23148,41582.6298947247
23150,37742.20932672811
23151,61677.44005359278
23152,61677.44005359278
23153,61677.44005359278
23154,37245.17848942896
23155,61677.44005359278
23156,37742.20932672811
23157,37742.20932672811
23158,37245.17848942896
23160,33623.99363915035
23161,41582.6298947247
23162,42537.84903006244
23163,42537.84903006244
23166,45229.561099857936
23167,56834.812566121946
23168,22782.306218126003
23169,42440.34879166666
23170,42440.34879166666
23171,42440.34879166666
23172,42440.34879166666
23173,43469.55254053447
23174,56834.812566121946
23180,31595.50386373888
23181,56834.812566121946
23182,42537.84903006244
23184,42537.84903006244
23186,42537.84903006244
23187,42537.84903006244
23188,44395.89316525842
23189,31595.50386373888
23190,42624.12637825007
23191,45229.561099857936
23192,42624.12637825007
23193,84449.83197147993
23194,45229.561099857936
23195,42624.12637825007
23197,39524.570583333334
23198,44162.08312936732
23200,67567.26476512414
23201,46240.082045641175
23203,41171.211280790085
23205,51387.37380593784
23206,41171.211280790085
23207,41171.211280790085
23212,43934.74963386762
23214,41833.624499237725
23215,26857.34924316427
23217,35056.39151760214
23218,44456.74092260824
23219,31171.87601512714
23220,44456.74092260824
23221,48864.684153986396
23222,44456.74092260824
23223,47246.289386893994
23228,47246.289386893994
23231,175186.95836459816
23232,48864.684153986396
23233,41833.624499237725
23237,89945.5749742376
23239,89945.5749742376
23240,89945.5749742376
23241,42167.858950279726
23242,41895.049934122704
23243,42167.858950279726
23244,42167.858950279726
23246,42167.858950279726
23247,42167.858950279726
23248,41833.624499237725
23249,64758.12646743171
23250,67567.26476512414
23251,38404.19333850473
23258,46740.52434511951
23259,39155.405295752345
23260,51102.961702178065
23261,39155.405295752345
23262,39155.405295752345
23263,38404.19333850473
23264,43934.74963386762
23265,200276.53565307293
23266,47246.289386893994
23267,52189.1325823442
23268,41840.48562193979
23269,40914.50727356819
23270,53997.55776052421
23271,53997.55776052421
23272,43934.74963386762
23273,64758.12646743171
23274,53997.55776052421
23275,53997.55776052421
23277,158050.87338899
23278,158050.87338899
23279,51816.581424250064
23280,53863.030073243615
23282,41840.48562193979
23283,53863.030073243615
23284,36608.218416666256
23285,36608.218416666256
23288,43934.74963386762
23290,36826.24170686625
23292,51816.581424250064
23293,35777.722876031694
23298,53863.030073243615
23301,46113.5559459846
23302,52189.1325823442
23303,175186.95836459816
23304,52189.1325823442
23307,52189.1325823442
23308,52418.3927212417
23309,52418.3927212417
23310,43440.673213964445
23311,43440.673213964445
23312,42250.84311583053
23313,42250.84311583053
23314,42250.84311583053
23315,45363.405431970634
23316,46113.5559459846
23317,45363.405431970634
23319,45363.405431970634
23321,45363.405431970634
23323,45439.245848574385
23324,45439.245848574385
23325,45439.245848574385
23326,46113.5559459846
23327,46113.5559459846
23328,46113.5559459846
23329,46113.5559459846
23331,46113.5559459846
23334,41171.211280790085
23335,20801.970451727237
23336,39244.38470799999
23337,39244.38470799999
23338,39244.38470799999
23339,60860.629166665
23341,60860.629166665
23342,60860.629166665
23343,60860.629166665
23344,60860.629166665
23345,43934.74963386762
23346,208310.30928475666
23347,73775.26747817457
23348,39375.533241891484
23350,38449.85442860975
23351,57889.62616308315
23353,42071.10440690741
23355,38449.85442860975
23356,38449.85442860975
23357,38449.85442860975
23358,17019.753695671756
23360,42071.10440690741
23361,43285.64779942911
23362,43934.74963386762
23363,208310.30928475666
23365,206539.4079242717
23369,40819.17597867064
23370,40819.17597867064
23371,40819.17597867064
23372,40819.17597867064
23373,45309.42466703326
23375,43069.38333348496
23377,43934.74963386762
23378,37803.19459790569
23379,45307.98904203325
23380,45307.98904203325
23381,39965.97243232033
23382,73719.30226067305
23384,43069.38333348496
23385,43069.38333348496
23386,43069.38333348496
23387,37803.19459790569
23388,45309.42466703326
23389,38618.95837957972
23390,60860.629166665
23391,33730.709213869945
23392,200276.53565307293
23393,55009.87443673881
23394,43484.248559915206
23395,157380.71124352934
23398,27641.213468119262
23399,33730.709213869945
23400,43934.74963386762
23401,38618.95837957972
23404,24896.875686103278
23407,38618.95837957972
23408,43934.74963386762
23409,200276.53565307293
23410,43484.248559915206
23411,35518.979973876434
23415,35777.722876031694
23420,36413.85658581349
23423,45829.73365081368
23426,45229.561099857936
23427,44579.84394565851
23432,44119.31627904735
23439,43394.63114498297
23444,44579.84394565851
23447,41951.5209605007
23454,40618.16490697978
23459,28445.865869188903
23461,84377.00015250595
23463,35777.722876031694
23465,43484.248559915206
23466,35777.722876031694
23470,47061.20720821473
23472,40618.16490697978
23474,33551.31447327931
23476,46740.26010156643
23477,47061.20720821473
23480,41746.4582521657
23485,43484.248559915206
23486,45229.561099857936
23487,34552.15401635393
23491,43394.63114498297
23493,33730.709213869945
23496,43934.74963386762
23497,43688.84796101115
23498,67567.26476512414
23501,43285.64779942911
23505,43568.81948400652
23506,67567.26476512414
23508,38404.19333850473
23511,55574.17779570299
23517,41746.4582521657
23519,45363.405431970634
23521,53451.257817065445
23522,45829.73365081368
23523,44119.31627904735
23528,45363.405431970634
23530,45829.73365081368
23531,40293.38151190475
23536,25062.439659767148
23537,44119.31627904735
23538,43568.81948400652
23539,43934.74963386762
23540,54527.53114434523
23543,33551.31447327931
23544,43934.74963386762
23545,42071.10440690741
23546,38404.19333850473
23547,25734.694520962195
23548,40293.38151190475
23550,30801.868119333256
23551,42071.10440690741
23552,39375.533241891484
23553,39375.533241891484
23556,37476.271459690004
23558,33113.746955591065
23561,43634.6635
23562,55059.899289367764
23563,112059.10019106168
23567,57772.24699522251
23569,37428.01738147179
23570,27399.00074672522
23571,27237.977135106474
23575,39042.86083333332
23576,43688.84796101115
23580,25022.262939091954
23583,40930.87460926412
23585,32230.322619188915
23587,53890.28418559532
23588,49328.734201742875
23589,55083.43585233714
23590,43804.031
23591,105255.29138116848
23592,50520.474715223376
23593,55083.43585233714
23595,33113.746955591065
23597,38262.42874859367
23598,39209.10143006794
23600,102030.93331267884
23610,102030.93331267884
23611,18607.104821428573
23612,18607.104821428573
23613,17163.886880952392
23615,68488.07916489847
23616,40234.31253068145
23622,76068.32351183284
23630,79451.18780165535
23642,40533.95025000495
23645,45275.74085769163
23651,37858.896222008756
23653,53187.846086931895
23654,60809.63281925945
23655,40640.95742753897
23656,50424.120730776565
23657,31061.070683488808
23658,31061.070683488808
23660,54527.53114434523
23661,58663.2844394412
23662,44964.543255980716
23667,31977.99188563043
23668,31977.99188563043
23669,31977.99188563043
23670,31977.99188563043
23671,31977.99188563043
23672,31977.99188563043
23673,37858.896222008756
23674,84377.00015250595
23675,82807.8999055383
23676,49554.44526265489
23677,49554.44526265489
23679,27958.23559306333
23680,37858.896222008756
23681,37858.896222008756
23683,79451.18780165535
23684,40234.31253068145
23685,44964.543255980716
23686,64839.59462245017
23688,38075.13570008536
23689,25617.87378493816
23695,38075.13570008536
23696,27641.213468119262
23697,50736.0565747885
23699,42856.00550360493
23700,65550.69788690477
23704,36413.85658581349
23707,42629.34675880184
23709,64839.59462245017
23711,24847.043389916977
23712,22477.687803030287
23714,22477.687803030287
23719,29056.592866332383
23720,23986.958957772436
23727,33730.709213869945
23728,40234.31253068145
23733,20770.912559731132
23738,105255.29138116848
23739,50736.0565747885
23742,35634.90768197875
23745,148976.8332633019
23748,150353.88755158725
23750,32757.464823234237
23754,53646.30217322422
23767,26336.868124279
23768,31310.399523009262
23769,35623.67291442401
23771,26285.85937302254
23776,36078.08891899878
23777,40824.36975138735
23779,33190.70326402147
23781,48450.6606629887
23783,51535.30743585499
23784,45167.33481725524
23786,51413.344280612015
23788,51413.344280612015
23790,32478.08448891031
23791,35088.66599392128
23798,70087.27000867813
23799,41191.67131626584
23800,33983.45138672688
23801,42554.31063183672
23802,41191.67131626584
23804,47802.94345417785
23808,42356.407811024976
23809,34957.05026019121
23810,47802.94345417785
23811,34957.05026019121
23812,33723.053191986546
23814,40640.95742753897
23815,24876.035920686532
23816,46055.07444190664
23818,46055.07444190664
23819,20770.912559731132
23820,33723.053191986546
23821,35773.53582345925
23822,24876.035920686532
23824,43495.992004423686
23826,50392.23705256176
23827,44052.93383456615
23828,35584.468737610274
23836,25360.289363429943
23837,40371.32295589711
23839,25360.289363429943
23841,25360.289363429943
23842,38452.734583039346
23843,38452.734583039346
23845,16902.0391127206
23847,23451.497075894975
23849,23851.523132455553
23851,43505.98374767196
23856,17163.886880952392
23857,55059.899289367764
23858,50424.120730776565
23862,36530.86639319722
23864,39158.05502476054
23866,23851.523132455553
23867,84429.86257727347
23868,38767.041173265265
23874,38452.734583039346
23877,38452.734583039346
23878,37217.2156410862
23879,24252.67794421764
23881,28590.88108048799
23882,40899.467565292296
23883,39561.86886866155
23884,39561.86886866155
23886,21390.860257938326
23891,37220.9403384768
23892,36413.85658581349
23895,46769.14325481962
23897,99661.49181307659
23898,65058.83785462182
23902,32069.313237365386
23903,26026.470338006504
23904,24860.154009157508
23906,44401.49131009083
23909,63800.94950518382
23912,25604.88744040643
23915,33113.746955591065
23916,84429.86257727347
23917,27399.00074672522
23918,19929.991688622067
23919,41836.69310087973
23920,25444.101181002152
23922,19929.991688622067
23923,51246.60859347715
23924,51246.60859347715
23925,18422.602874116434
23934,82807.8999055383
23937,25847.862004427505
23938,23851.523132455553
23941,51246.60859347715
23942,23851.523132455553
23943,62687.377711635025
23945,62687.377711635025
23948,19822.150063667017
23949,21260.31691492264
23950,84429.86257727347
23954,36530.86639319722
23955,21571.17874933252
23956,62203.96575232591
23959,25625.561120079008
23961,36078.08891899878
23962,33409.838665178635
23967,35876.346472213256
23968,33725.41105127944
23969,18177.367886992724
23970,44391.08900073679
23971,36032.86412927693
23972,18177.367886992724
23974,34444.86061415144
23975,19929.991688622067
23977,19778.98669582782
23978,19778.98669582782
23982,21390.860257938326
23985,17163.886880952392
23987,28835.404856402532
23989,120608.90810648333
23991,73775.26747817457
23994,25062.439659767148
24000,37428.01738147179
24002,32609.059202380977
24003,37144.144956652795
24004,19105.591379140977
24006,27581.134193760518
24008,58349.2660188214
24009,24094.52736549813
24010,66379.80034504393
24011,46074.5465505873
24012,27909.087518497203
24016,45872.262245123326
24020,38767.041173265265
24021,36236.27027977524
24023,35339.814335615534
24025,29254.429355654793
24028,19822.51932538871
24029,147837.2488591078
24032,19929.991688622067
24034,33519.71130399501
24037,101215.06663300502
24038,30591.56274355507
24039,38075.13570008536
24040,34072.595200648604
24041,31217.743783481663
24042,24181.826516047913
24043,28363.686256993897
24045,46778.12533772006
24046,35616.77845813651
24051,82807.8999055383
24056,41865.96895327183
24057,64233.92557538001
24062,54190.85082670501
24063,58663.2844394412
24064,25317.569442237003
24071,85633.10622921045
24072,27958.23559306333
24073,72632.49509139002
24075,62741.824859687506
24078,35546.725496772495
24079,198982.48782946222
24081,64233.92557538001
24082,24735.554712158635
24084,50736.0565747885
24085,54190.85082670501
24087,27859.449363382206
24088,48218.89204005735
24090,30268.37153048618
24092,53164.49510762533
24096,25317.569442237003
24101,24181.826516047913
24103,24252.67794421764
24105,32609.059202380977
24106,40926.16706494495
24107,32620.570981884615
24108,28405.88583954267
24109,26351.66845523923
24110,32738.840962436734
24115,31550.57871645004
24116,33857.22855251748
24117,30041.82059782974
24118,50392.23705256176
24119,34211.344131940554
24120,39023.96421726192
24121,65058.83785462182
24122,31541.536677843673
24123,24181.826516047913
24124,38828.14326648856
24125,44552.905323004015
24126,46952.2320371674
24129,39886.31166666667
24130,58349.2660188214
24131,120563.78885648333
24139,20466.015171290954
24141,20466.015171290954
24144,27649.81898785541
24146,26336.868124279
24147,26336.868124279
24149,32114.626893715395
24153,34003.10550492261
24155,23200.35359808456
24156,100547.97065519594
24159,29254.429355654793
24162,27494.00179339194
24164,82130.41995326143
24165,82130.41995326143
24166,25891.002294838112
24167,84429.86257727347
24169,35339.814335615534
24174,46966.678181851596
24176,74266.2426865079
24182,24338.11890024844
24184,28406.560530405535
24185,28406.560530405535
24186,41826.11919038316
24193,63825.98226785717
24198,61589.75810205337
24200,28063.299014207758
24202,38327.31256267188
24205,49753.625069546215
24206,54616.04391214988
24207,97160.24395238407
24208,84429.86257727347
24209,84429.86257727347
24210,41992.97161429513
24211,55059.899289367764
24212,39829.072138204814
24213,41881.38638724786
24214,37471.09062546837
24215,40899.467565292296
24216,20437.769211665633
24217,64808.81417355667
24218,36410.22401516429
24219,37742.20932672811
24220,26595.660485064425
24221,62741.824859687506
24224,36458.496107615676
24226,22927.95667346847
24227,33113.746955591065
24228,33800.90034345311
24229,25275.301322600983
24232,47231.059303568094
24233,40287.717860186924
24236,39048.041685729644
24237,30253.6782915058
24238,39908.10703209361
24239,24338.11890024844
24240,43338.83329898364
24245,45800.83368547696
24257,28900.46779037728
24259,28392.784394574155
24267,50944.57052385639
24270,23367.74317065999
24274,64808.81417355667
24279,68172.88321515391
24295,34698.89895508575
24306,20466.015171290954
24311,73775.26747817457
24321,206455.08272842824
24322,38409.28689051225
24323,78286.0637528141
24327,26717.93301526909
24330,36095.90861380906
24332,35761.22398958308
24335,35761.22398958308
24339,68186.7252675738
24344,51035.94469306892
24345,97058.45669497039
24351,51726.12576318381
24354,22318.81433915443
24355,32108.935660714284
24362,25287.897362993695
24366,20466.015171290954
24368,51035.94469306892
24371,46850.93833813281
24372,120563.78885648333
24374,38409.28689051225
24376,17208.40331797049
24377,17208.40331797049
24378,39311.090469121875
24381,38409.28689051225
24383,36095.90861380906
24389,60528.124415778315
24392,194742.73312683514
24395,62334.371175953806
24396,62334.371175953806
24397,26351.66845523923
24403,62334.371175953806
24405,51629.395732558936
24408,28643.807279931007
24409,112059.10019106168
24417,62762.158179181504
24420,113415.58047100953
24426,41834.92142923406
24427,46740.26010156643
24429,36026.95564316465
24431,36095.90861380906
24432,35761.22398958308
24433,61435.8757112421
24434,26717.93301526909
24435,61435.8757112421
24436,34755.5976828376
24437,41438.84350332617
24442,39561.86886866155
24443,39561.86886866155
24444,31394.769172267086
24445,51819.822255629144
24446,39561.86886866155
24448,56183.97875744415
24450,206455.08272842824
24453,42181.60928887446
24457,70133.35616139072
24458,70133.35616139072
24460,70133.35616139072
24461,36713.707999999584
24462,43610.25779798958
24467,56799.8015
24471,36026.95564316465
24477,43610.25779798958
24479,39117.18922601905
24480,36061.32731944783
24481,44555.80407932411
24482,44103.33112813909
24483,36061.32731944783
24484,44555.80407932411
24485,44555.80407932411
24486,61435.8757112421
24490,29077.85710714285
24495,143710.2291701574
24496,55229.94499227864
24497,55229.94499227864
24499,45710.875764287135
24501,39209.10143006794
24502,61692.57489098152
24503,45710.875764287135
24508,45710.875764287135
24509,45710.875764287135
24512,38428.880854585004
24513,38428.880854585004
24514,38428.880854585004
24515,27313.890279251264
24516,54616.04391214988
24517,55229.94499227864
24519,39117.18922601905
24520,61435.8757112421
24521,29077.85710714285
24524,51819.822255629144
24531,34003.10550492261
24533,35032.390958924654
24536,43804.031
24539,42167.858950279726
24540,29077.85710714285
24543,29077.85710714285
24544,42167.858950279726
24545,36061.32731944783
24546,35825.78777412362
24548,35761.22398958308
24553,18331.840155639642
24560,37963.67674341628
24562,20378.329739538243
24566,21127.89558351371
24572,56799.8015
24573,23715.40442042006
24577,25271.680501862833
24578,88567.93485554411
24579,40293.38151190475
24582,41826.11919038316
24590,25954.928251106478
24593,25495.19033730159
24594,41951.5209605007
24598,24338.11890024844
24599,18158.439173942563
24602,31361.47339845756
24603,23715.40442042006
24608,18177.367886992724
24614,33600.0031801012
24615,27845.06329461958
24616,24491.906251221128
24626,24892.020191918273
24631,58170.97110904619
24632,32427.758559765174
24636,24892.020191918273
24640,17226.682275094223
24642,19008.77672908484
24650,84449.83197147993
24654,37220.9403384768
24666,44120.243247063874
24669,15887.886034650466
24675,19118.26649038008
24679,41910.63057640314
24680,61925.865597767304
24686,46966.678181851596
24713,19451.912861569024
24716,47504.142048570066
24719,20466.015171290954
24720,17027.60578465709
24722,20466.015171290954
24724,25287.897362993695
24727,47231.059303568094
24730,27581.134193760518
24732,22455.17363489872
24733,22455.17363489872
24738,17505.04621220159
24739,29983.49635147005
24742,41191.67131626584
24743,24847.043389916977
24746,25083.66927217041
24747,17464.46269231263
24748,17464.46269231263
24750,35777.722876031694
24751,20285.444928742105
24753,18534.58554333025
24758,20437.769211665633
24760,44691.1306139971
24761,51035.94469306892
24762,19908.861169962078
24763,39659.75155070464
24770,21408.223017414235
24771,45829.73365081368
24773,19118.26649038008
24774,44119.31627904735
24778,22668.213499735608
24784,49688.465394179955
24797,26645.746368667697
24806,41634.42044104935
24807,34053.06011692768
24809,46184.74970918403
24810,42864.06270319264
24820,46964.74689786446
24838,45046.608745083686
24843,28493.391291002954
24854,24892.020191918273
24862,96844.97682081346
24870,27581.134193760518
24879,32967.713
24883,33429.86487351197
24885,31640.599877435034
24894,33093.481364583335
24897,29955.59618728418
